dataset,noise,budget,budget_fraction,method,method_label,n_seeds,dWGA_mean,dWGA_sem,dWGA_min,dWGA_max,dWGA_neg_pct,noise_precision,minority_query_rate,wga_mean
Waterbirds,uniform20,0.5%,0.005,random,Random,10,0.0008,0.0012,-0.0062,0.0047,30.0,0.1917,0.0625,0.604
Waterbirds,uniform20,0.5%,0.005,loss,Loss,10,-0.0022,0.0047,-0.0265,0.0171,40.0,1.0,0.0,0.6011
Waterbirds,uniform20,0.5%,0.005,entropy,Entropy,10,0.0048,0.0019,-0.0016,0.0156,10.0,0.225,0.425,0.6081
Waterbirds,uniform20,0.5%,0.005,forgetting,Forgetting,10,-0.0114,0.0066,-0.0576,0.0062,60.0,0.3375,0.35,0.6053
Waterbirds,uniform20,0.5%,0.005,margin,Margin,10,0.0088,0.0123,-0.067,0.0763,30.0,1.0,0.0,0.6255
Waterbirds,uniform20,0.5%,0.005,aum,AUM,10,-0.007,0.0106,-0.0841,0.0187,30.0,1.0,0.0,0.6097
Waterbirds,uniform20,0.5%,0.005,confident_learning,Cleanlab,10,0.0088,0.0123,-0.067,0.0763,30.0,1.0,0.0,0.6255
Waterbirds,uniform20,0.5%,0.005,coreset,Coreset-Lite,10,-0.0146,0.0091,-0.0872,0.0187,80.0,0.0667,0.0583,0.602
Waterbirds,uniform20,0.5%,0.005,uncertainty_diversity,Unc+Div-Lite,10,0.0006,0.0058,-0.0202,0.0452,60.0,0.3792,0.1833,0.6173
Waterbirds,uniform20,0.5%,0.005,badge_lite,BADGE-Lite,10,0.0078,0.0072,-0.0234,0.0498,50.0,0.9958,0.0042,0.6245
Waterbirds,uniform20,0.5%,0.005,tracin_val_uncertainty,TracIn-CP (val),10,-0.0065,0.0094,-0.067,0.0467,60.0,0.9958,0.0042,0.6101
Waterbirds,uniform20,0.5%,0.005,tracin_noise_weighted,TracIn-CP (noise),10,-0.016,0.0113,-0.1012,0.0156,70.0,0.9917,0.0042,0.6006
Waterbirds,uniform20,0.5%,0.005,noise_score,NoiseScore,10,0.0097,0.0038,-0.0078,0.0374,10.0,0.325,0.4875,0.6129
Waterbirds,uniform20,0.5%,0.005,noise_score_budget_hybrid,BHC,10,0.0097,0.0038,-0.0078,0.0374,10.0,0.325,0.4875,0.6129
Waterbirds,uniform20,0.5%,0.005,NGC,NGC,10,0.0097,0.0038,-0.0078,0.0374,10.0,0.325,0.4875,0.6129
Waterbirds,uniform20,0.5%,0.005,noise_score_cpba_tc,CPBA-TC,10,0.0097,0.0038,-0.0078,0.0374,10.0,0.325,0.4875,0.6129
Waterbirds,uniform20,0.5%,0.005,CPBA-only,CPBA-only,10,0.0097,0.0038,-0.0078,0.0374,10.0,0.325,0.4875,0.6129
Waterbirds,uniform20,0.5%,0.005,noise_score_tc_only,TC-only,10,0.0097,0.0038,-0.0078,0.0374,10.0,0.325,0.4875,0.6129
Waterbirds,uniform20,0.5%,0.005,CPBA-TC-noFB,CPBA-TC-noFB,10,0.0097,0.0038,-0.0078,0.0374,10.0,0.325,0.4875,0.6129
Waterbirds,uniform20,0.5%,0.005,CPBA-TC-Guarded,CPBA-TC-Safe,10,0.0097,0.0038,-0.0078,0.0374,10.0,0.325,0.4875,0.6129
Waterbirds,uniform20,0.5%,0.005,oracle_noise_group_balanced,Oracle-GB,10,0.0109,0.0092,-0.0685,0.0312,10.0,1.0,0.5,0.6142
Waterbirds,uniform20,1.0%,0.01,random,Random,10,-0.0042,0.0022,-0.0218,0.0016,70.0,0.1854,0.0542,0.5991
Waterbirds,uniform20,1.0%,0.01,loss,Loss,10,-0.0045,0.0064,-0.0514,0.0202,60.0,0.9979,0.0042,0.5988
Waterbirds,uniform20,1.0%,0.01,entropy,Entropy,10,0.009,0.0042,-0.0047,0.0312,30.0,0.2625,0.3875,0.6123
Waterbirds,uniform20,1.0%,0.01,forgetting,Forgetting,10,-0.0187,0.0105,-0.0685,0.0343,70.0,0.3292,0.3396,0.598
Waterbirds,uniform20,1.0%,0.01,margin,Margin,10,-0.0005,0.0088,-0.0717,0.0296,40.0,0.9979,0.0,0.6162
Waterbirds,uniform20,1.0%,0.01,aum,AUM,10,0.0026,0.0067,-0.0296,0.0374,40.0,1.0,0.0,0.6193
Waterbirds,uniform20,1.0%,0.01,confident_learning,Cleanlab,10,-0.0005,0.0088,-0.0717,0.0296,40.0,0.9979,0.0,0.6162
Waterbirds,uniform20,1.0%,0.01,coreset,Coreset-Lite,10,-0.021,0.0112,-0.0919,0.0234,80.0,0.0687,0.0396,0.5956
Waterbirds,uniform20,1.0%,0.01,uncertainty_diversity,Unc+Div-Lite,10,-0.0008,0.0052,-0.0187,0.0389,60.0,0.3667,0.1625,0.6159
Waterbirds,uniform20,1.0%,0.01,badge_lite,BADGE-Lite,10,0.0044,0.0094,-0.0654,0.0452,30.0,0.9646,0.0104,0.621
Waterbirds,uniform20,1.0%,0.01,tracin_val_uncertainty,TracIn-CP (val),10,-0.0279,0.0115,-0.1075,0.0047,80.0,0.9958,0.0062,0.5888
Waterbirds,uniform20,1.0%,0.01,tracin_noise_weighted,TracIn-CP (noise),10,-0.0179,0.0132,-0.0981,0.0452,70.0,0.9917,0.0104,0.5988
Waterbirds,uniform20,1.0%,0.01,noise_score,NoiseScore,10,0.0136,0.0071,-0.0436,0.0405,10.0,0.4437,0.4333,0.6168
Waterbirds,uniform20,1.0%,0.01,noise_score_budget_hybrid,BHC,10,0.0136,0.0071,-0.0436,0.0405,10.0,0.4437,0.4333,0.6168
Waterbirds,uniform20,1.0%,0.01,NGC,NGC,10,0.0136,0.0071,-0.0436,0.0405,10.0,0.4437,0.4333,0.6168
Waterbirds,uniform20,1.0%,0.01,noise_score_cpba_tc,CPBA-TC,10,0.0136,0.0071,-0.0436,0.0405,10.0,0.4437,0.4333,0.6168
Waterbirds,uniform20,1.0%,0.01,CPBA-only,CPBA-only,10,0.0136,0.0071,-0.0436,0.0405,10.0,0.4437,0.4333,0.6168
Waterbirds,uniform20,1.0%,0.01,noise_score_tc_only,TC-only,10,0.0136,0.0071,-0.0436,0.0405,10.0,0.4437,0.4333,0.6168
Waterbirds,uniform20,1.0%,0.01,CPBA-TC-noFB,CPBA-TC-noFB,10,0.0136,0.0071,-0.0436,0.0405,10.0,0.4437,0.4333,0.6168
Waterbirds,uniform20,1.0%,0.01,CPBA-TC-Guarded,CPBA-TC-Safe,10,0.0136,0.0071,-0.0436,0.0405,10.0,0.4437,0.4333,0.6168
Waterbirds,uniform20,1.0%,0.01,oracle_noise_group_balanced,Oracle-GB,10,0.0277,0.0072,-0.0343,0.0452,10.0,1.0,0.4917,0.631
Waterbirds,uniform20,2.0%,0.02,random,Random,10,-0.0056,0.0035,-0.028,0.0062,60.0,0.1885,0.051,0.5977
Waterbirds,uniform20,2.0%,0.02,loss,Loss,10,-0.0079,0.0053,-0.0405,0.014,70.0,0.9979,0.0021,0.5954
Waterbirds,uniform20,2.0%,0.02,entropy,Entropy,10,0.0062,0.0103,-0.0623,0.0576,40.0,0.2885,0.3917,0.6095
Waterbirds,uniform20,2.0%,0.02,forgetting,Forgetting,10,0.0086,0.0061,-0.0327,0.0296,20.0,0.4052,0.3021,0.6252
Waterbirds,uniform20,2.0%,0.02,margin,Margin,10,0.0067,0.0069,-0.0483,0.0296,20.0,0.9979,0.0,0.6233
Waterbirds,uniform20,2.0%,0.02,aum,AUM,10,-0.0008,0.0098,-0.0794,0.0296,30.0,0.9979,0.001,0.6159
Waterbirds,uniform20,2.0%,0.02,confident_learning,Cleanlab,10,0.0067,0.0069,-0.0483,0.0296,20.0,0.9979,0.0,0.6233
Waterbirds,uniform20,2.0%,0.02,coreset,Coreset-Lite,10,-0.0238,0.0101,-0.0935,0.0062,80.0,0.0719,0.0531,0.5928
Waterbirds,uniform20,2.0%,0.02,uncertainty_diversity,Unc+Div-Lite,10,-0.0238,0.0106,-0.0997,0.0093,80.0,0.3719,0.1635,0.5928
Waterbirds,uniform20,2.0%,0.02,badge_lite,BADGE-Lite,10,0.0078,0.0104,-0.0514,0.0592,30.0,0.9198,0.0208,0.6245
Waterbirds,uniform20,2.0%,0.02,tracin_val_uncertainty,TracIn-CP (val),10,-0.0153,0.0142,-0.109,0.0358,70.0,0.9875,0.0094,0.6014
Waterbirds,uniform20,2.0%,0.02,tracin_noise_weighted,TracIn-CP (noise),10,-0.0263,0.0126,-0.1075,0.0358,70.0,0.9865,0.0125,0.5903
Waterbirds,uniform20,2.0%,0.02,noise_score,NoiseScore,10,0.0339,0.0152,-0.0486,0.109,30.0,0.6333,0.3229,0.6371
Waterbirds,uniform20,2.0%,0.02,noise_score_budget_hybrid,BHC,10,0.0339,0.0152,-0.0486,0.109,30.0,0.6333,0.3229,0.6371
Waterbirds,uniform20,2.0%,0.02,NGC,NGC,10,0.0339,0.0152,-0.0486,0.109,30.0,0.6333,0.3229,0.6371
Waterbirds,uniform20,2.0%,0.02,noise_score_cpba_tc,CPBA-TC,10,0.0339,0.0152,-0.0486,0.109,30.0,0.6333,0.3229,0.6371
Waterbirds,uniform20,2.0%,0.02,CPBA-only,CPBA-only,10,0.0339,0.0152,-0.0486,0.109,30.0,0.6333,0.3229,0.6371
Waterbirds,uniform20,2.0%,0.02,noise_score_tc_only,TC-only,10,0.0339,0.0152,-0.0486,0.109,30.0,0.6333,0.3229,0.6371
Waterbirds,uniform20,2.0%,0.02,CPBA-TC-noFB,CPBA-TC-noFB,10,0.0339,0.0152,-0.0486,0.109,30.0,0.6333,0.3229,0.6371
Waterbirds,uniform20,2.0%,0.02,CPBA-TC-Guarded,CPBA-TC-Safe,10,0.0339,0.0152,-0.0486,0.109,30.0,0.6333,0.3229,0.6371
Waterbirds,uniform20,2.0%,0.02,oracle_noise_group_balanced,Oracle-GB,10,0.0569,0.0084,0.0265,0.1044,0.0,1.0,0.4208,0.6601
Waterbirds,uniform20,5.0%,0.05,random,Random,10,-0.0006,0.0044,-0.0187,0.028,70.0,0.1962,0.0529,0.6026
Waterbirds,uniform20,5.0%,0.05,loss,Loss,10,-0.0111,0.0078,-0.0623,0.0156,70.0,0.9933,0.0046,0.5922
Waterbirds,uniform20,5.0%,0.05,entropy,Entropy,10,0.0109,0.0076,-0.0312,0.0467,30.0,0.2825,0.3583,0.6142
Waterbirds,uniform20,5.0%,0.05,forgetting,Forgetting,10,0.0271,0.0081,-0.0047,0.0748,10.0,0.5925,0.2017,0.6437
Waterbirds,uniform20,5.0%,0.05,margin,Margin,10,0.0284,0.0059,-0.0016,0.0592,10.0,0.9929,0.005,0.645
Waterbirds,uniform20,5.0%,0.05,aum,AUM,10,0.0072,0.0082,-0.0483,0.0436,30.0,0.9938,0.0033,0.6238
Waterbirds,uniform20,5.0%,0.05,confident_learning,Cleanlab,10,0.0284,0.0059,-0.0016,0.0592,10.0,0.9929,0.005,0.645
Waterbirds,uniform20,5.0%,0.05,coreset,Coreset-Lite,10,-0.012,0.0121,-0.1012,0.0374,40.0,0.0712,0.06,0.6047
Waterbirds,uniform20,5.0%,0.05,uncertainty_diversity,Unc+Div-Lite,10,-0.0184,0.0112,-0.0701,0.0358,70.0,0.3483,0.1667,0.5983
Waterbirds,uniform20,5.0%,0.05,badge_lite,BADGE-Lite,10,0.014,0.0135,-0.0452,0.0841,50.0,0.8233,0.035,0.6307
Waterbirds,uniform20,5.0%,0.05,tracin_val_uncertainty,TracIn-CP (val),10,-0.0555,0.0133,-0.0997,0.0358,90.0,0.9758,0.0217,0.5612
Waterbirds,uniform20,5.0%,0.05,tracin_noise_weighted,TracIn-CP (noise),10,-0.0562,0.0111,-0.0919,0.0218,90.0,0.9792,0.0171,0.5604
Waterbirds,uniform20,5.0%,0.05,noise_score,NoiseScore,10,-0.0497,0.0198,-0.1316,0.0535,80.0,0.6525,0.2562,0.5535
Waterbirds,uniform20,5.0%,0.05,noise_score_budget_hybrid,BHC,10,0.0318,0.0103,-0.0118,0.0872,20.0,0.32,0.3404,0.6351
Waterbirds,uniform20,5.0%,0.05,NGC,NGC,10,0.0318,0.0103,-0.0118,0.0872,20.0,0.32,0.3404,0.6351
Waterbirds,uniform20,5.0%,0.05,noise_score_cpba_tc,CPBA-TC,10,-0.0109,0.0325,-0.1316,0.1293,50.0,0.5733,0.2879,0.5924
Waterbirds,uniform20,5.0%,0.05,CPBA-only,CPBA-only,10,-0.0497,0.0198,-0.1316,0.0535,80.0,0.6525,0.2562,0.5535
Waterbirds,uniform20,5.0%,0.05,noise_score_tc_only,TC-only,10,0.0262,0.0236,-0.0902,0.1324,30.0,0.4217,0.32,0.6294
Waterbirds,uniform20,5.0%,0.05,CPBA-TC-noFB,CPBA-TC-noFB,10,0.0274,0.0218,-0.0707,0.1293,30.0,0.4983,0.3133,0.6307
Waterbirds,uniform20,5.0%,0.05,CPBA-TC-Guarded,CPBA-TC-Safe,10,0.0482,0.0147,-0.0118,0.1293,20.0,0.4271,0.3212,0.6515
Waterbirds,uniform20,5.0%,0.05,oracle_noise_group_balanced,Oracle-GB,10,0.088,0.0153,0.0263,0.1807,0.0,1.0,0.2008,0.6913
Waterbirds,uniform20,10.0%,0.1,random,Random,10,-0.0034,0.0054,-0.0218,0.0358,60.0,0.2012,0.0504,0.5998
Waterbirds,uniform20,10.0%,0.1,loss,Loss,10,-0.0359,0.0063,-0.0732,-0.0087,100.0,0.99,0.0085,0.5673
Waterbirds,uniform20,10.0%,0.1,entropy,Entropy,10,0.0277,0.0144,-0.0389,0.0903,30.0,0.2848,0.3087,0.631
Waterbirds,uniform20,10.0%,0.1,noise_score,NoiseScore,10,-0.1225,0.0233,-0.234,0.0021,90.0,0.4067,0.249,0.4808
Waterbirds,uniform20,10.0%,0.1,noise_score_budget_hybrid,BHC,10,0.0025,0.0273,-0.1103,0.1551,50.0,0.3756,0.2342,0.6058
Waterbirds,uniform20,10.0%,0.1,NGC,NGC,10,0.0025,0.0273,-0.1103,0.1551,50.0,0.3756,0.2342,0.6058
Waterbirds,uniform20,10.0%,0.1,noise_score_cpba_tc,CPBA-TC,10,-0.0801,0.0346,-0.234,0.0726,70.0,0.4894,0.2379,0.5232
Waterbirds,uniform20,10.0%,0.1,CPBA-only,CPBA-only,10,-0.0927,0.0299,-0.2251,0.0624,80.0,0.5031,0.244,0.5106
Waterbirds,uniform20,10.0%,0.1,noise_score_tc_only,TC-only,10,-0.0549,0.0173,-0.128,0.0309,90.0,0.4225,0.2354,0.5484
Waterbirds,uniform20,10.0%,0.1,CPBA-TC-noFB,CPBA-TC-noFB,10,-0.0396,0.02,-0.1302,0.0726,70.0,0.5502,0.2275,0.5637
Waterbirds,uniform20,10.0%,0.1,CPBA-TC-Guarded,CPBA-TC-Safe,10,-0.0293,0.0177,-0.1103,0.0726,70.0,0.4856,0.2296,0.574
Waterbirds,uniform20,10.0%,0.1,oracle_noise_group_balanced,Oracle-GB,10,-0.0028,0.0156,-0.0735,0.0726,40.0,1.0,0.1004,0.6005
Waterbirds,minority_high_40,0.5%,0.005,random,Random,10,0.0,0.0023,-0.0093,0.0171,50.0,0.1375,0.0625,0.4567
Waterbirds,minority_high_40,0.5%,0.005,loss,Loss,10,0.0118,0.019,-0.0187,0.1822,70.0,0.9917,0.0125,0.4685
Waterbirds,minority_high_40,0.5%,0.005,entropy,Entropy,10,0.0036,0.0015,-0.0031,0.0125,30.0,0.1958,0.3958,0.4603
Waterbirds,minority_high_40,0.5%,0.005,forgetting,Forgetting,10,0.0236,0.0133,-0.0249,0.1262,30.0,0.3708,0.5083,0.5098
Waterbirds,minority_high_40,0.5%,0.005,margin,Margin,10,0.0084,0.0053,-0.0171,0.0358,30.0,0.9958,0.0,0.4946
Waterbirds,minority_high_40,0.5%,0.005,aum,AUM,10,0.0092,0.0087,-0.0358,0.0498,30.0,1.0,0.0,0.4954
Waterbirds,minority_high_40,0.5%,0.005,confident_learning,Cleanlab,10,0.0084,0.0053,-0.0171,0.0358,30.0,0.9958,0.0,0.4946
Waterbirds,minority_high_40,0.5%,0.005,coreset,Coreset-Lite,10,0.0006,0.0009,-0.0047,0.0062,10.0,0.0208,0.0583,0.4868
Waterbirds,minority_high_40,0.5%,0.005,uncertainty_diversity,Unc+Div-Lite,10,0.0234,0.0101,-0.0047,0.0935,20.0,0.3292,0.3208,0.5096
Waterbirds,minority_high_40,0.5%,0.005,badge_lite,BADGE-Lite,10,0.0194,0.0118,-0.0231,0.0862,30.0,0.9792,0.0208,0.5056
Waterbirds,minority_high_40,0.5%,0.005,tracin_val_uncertainty,TracIn-CP (val),10,0.0138,0.0169,-0.0639,0.1293,50.0,0.9958,0.0167,0.5
Waterbirds,minority_high_40,0.5%,0.005,tracin_noise_weighted,TracIn-CP (noise),10,0.0283,0.0163,-0.0249,0.1262,30.0,0.7417,0.3,0.5145
Waterbirds,minority_high_40,0.5%,0.005,noise_score,NoiseScore,10,0.0159,0.0047,0.0047,0.0566,0.0,0.2417,0.5542,0.4726
Waterbirds,minority_high_40,0.5%,0.005,noise_score_budget_hybrid,BHC,10,0.0159,0.0047,0.0047,0.0566,0.0,0.2417,0.5542,0.4726
Waterbirds,minority_high_40,0.5%,0.005,NGC,NGC,10,0.0159,0.0047,0.0047,0.0566,0.0,0.2417,0.5542,0.4726
Waterbirds,minority_high_40,0.5%,0.005,noise_score_cpba_tc,CPBA-TC,10,0.0159,0.0047,0.0047,0.0566,0.0,0.2417,0.5542,0.4726
Waterbirds,minority_high_40,0.5%,0.005,CPBA-only,CPBA-only,10,0.0159,0.0047,0.0047,0.0566,0.0,0.2417,0.5542,0.4726
Waterbirds,minority_high_40,0.5%,0.005,noise_score_tc_only,TC-only,10,0.0159,0.0047,0.0047,0.0566,0.0,0.2417,0.5542,0.4726
Waterbirds,minority_high_40,0.5%,0.005,CPBA-TC-noFB,CPBA-TC-noFB,10,0.0159,0.0047,0.0047,0.0566,0.0,0.2417,0.5542,0.4726
Waterbirds,minority_high_40,0.5%,0.005,CPBA-TC-Guarded,CPBA-TC-Safe,10,0.0159,0.0047,0.0047,0.0566,0.0,0.2417,0.5542,0.4726
Waterbirds,minority_high_40,0.5%,0.005,oracle_noise_group_balanced,Oracle-GB,10,0.0182,0.0164,-0.0794,0.1246,20.0,1.0,0.5,0.4749
Waterbirds,minority_high_40,1.0%,0.01,random,Random,10,0.0017,0.0026,-0.0125,0.0171,50.0,0.1208,0.0542,0.4584
Waterbirds,minority_high_40,1.0%,0.01,loss,Loss,10,0.0029,0.0193,-0.0623,0.1667,60.0,0.9937,0.0125,0.4596
Waterbirds,minority_high_40,1.0%,0.01,entropy,Entropy,10,0.0039,0.0116,-0.0872,0.0561,20.0,0.2187,0.4125,0.4606
Waterbirds,minority_high_40,1.0%,0.01,forgetting,Forgetting,10,0.0563,0.0175,-0.0047,0.1838,10.0,0.3583,0.5188,0.5425
Waterbirds,minority_high_40,1.0%,0.01,margin,Margin,10,0.0144,0.0133,-0.0358,0.1199,30.0,0.9958,0.0021,0.5006
Waterbirds,minority_high_40,1.0%,0.01,aum,AUM,10,0.0043,0.0118,-0.0498,0.0662,40.0,0.9958,0.0042,0.4905
Waterbirds,minority_high_40,1.0%,0.01,confident_learning,Cleanlab,10,0.0144,0.0133,-0.0358,0.1199,30.0,0.9958,0.0021,0.5006
Waterbirds,minority_high_40,1.0%,0.01,coreset,Coreset-Lite,10,0.0011,0.0015,-0.0047,0.0125,20.0,0.0146,0.0396,0.4873
Waterbirds,minority_high_40,1.0%,0.01,uncertainty_diversity,Unc+Div-Lite,10,0.0099,0.0096,-0.028,0.0862,30.0,0.3208,0.3187,0.4961
Waterbirds,minority_high_40,1.0%,0.01,badge_lite,BADGE-Lite,10,0.0258,0.0129,-0.0374,0.0794,30.0,0.95,0.0229,0.512
Waterbirds,minority_high_40,1.0%,0.01,tracin_val_uncertainty,TracIn-CP (val),10,0.029,0.016,-0.0296,0.1106,40.0,0.9875,0.0333,0.5152
Waterbirds,minority_high_40,1.0%,0.01,tracin_noise_weighted,TracIn-CP (noise),10,0.032,0.0214,-0.0265,0.1745,40.0,0.7563,0.2458,0.5183
Waterbirds,minority_high_40,1.0%,0.01,noise_score,NoiseScore,10,0.0364,0.0225,-0.0717,0.1881,20.0,0.2958,0.5813,0.4931
Waterbirds,minority_high_40,1.0%,0.01,noise_score_budget_hybrid,BHC,10,0.0364,0.0225,-0.0717,0.1881,20.0,0.2958,0.5813,0.4931
Waterbirds,minority_high_40,1.0%,0.01,NGC,NGC,10,0.0364,0.0225,-0.0717,0.1881,20.0,0.2958,0.5813,0.4931
Waterbirds,minority_high_40,1.0%,0.01,noise_score_cpba_tc,CPBA-TC,10,0.0364,0.0225,-0.0717,0.1881,20.0,0.2958,0.5813,0.4931
Waterbirds,minority_high_40,1.0%,0.01,CPBA-only,CPBA-only,10,0.0364,0.0225,-0.0717,0.1881,20.0,0.2958,0.5813,0.4931
Waterbirds,minority_high_40,1.0%,0.01,noise_score_tc_only,TC-only,10,0.0364,0.0225,-0.0717,0.1881,20.0,0.2958,0.5813,0.4931
Waterbirds,minority_high_40,1.0%,0.01,CPBA-TC-noFB,CPBA-TC-noFB,10,0.0364,0.0225,-0.0717,0.1881,20.0,0.2958,0.5813,0.4931
Waterbirds,minority_high_40,1.0%,0.01,CPBA-TC-Guarded,CPBA-TC-Safe,10,0.0364,0.0225,-0.0717,0.1881,20.0,0.2958,0.5813,0.4931
Waterbirds,minority_high_40,1.0%,0.01,oracle_noise_group_balanced,Oracle-GB,10,0.0607,0.0133,0.0016,0.1277,0.0,1.0,0.5,0.5174
Waterbirds,minority_high_40,2.0%,0.02,random,Random,10,0.0084,0.007,-0.0078,0.0668,60.0,0.1146,0.051,0.4651
Waterbirds,minority_high_40,2.0%,0.02,loss,Loss,10,-0.0216,0.0207,-0.109,0.1433,90.0,0.9917,0.0115,0.4351
Waterbirds,minority_high_40,2.0%,0.02,entropy,Entropy,10,0.0468,0.021,-0.028,0.1988,10.0,0.2406,0.4406,0.5035
Waterbirds,minority_high_40,2.0%,0.02,forgetting,Forgetting,10,0.0685,0.0173,0.0031,0.1869,0.0,0.425,0.4583,0.5547
Waterbirds,minority_high_40,2.0%,0.02,margin,Margin,10,-0.0017,0.02,-0.1464,0.0725,60.0,0.9917,0.0073,0.4845
Waterbirds,minority_high_40,2.0%,0.02,aum,AUM,10,0.0094,0.0221,-0.1511,0.0903,30.0,0.9927,0.0062,0.4956
Waterbirds,minority_high_40,2.0%,0.02,confident_learning,Cleanlab,10,-0.0017,0.02,-0.1464,0.0725,60.0,0.9917,0.0073,0.4845
Waterbirds,minority_high_40,2.0%,0.02,coreset,Coreset-Lite,10,0.0072,0.0077,-0.0187,0.0725,40.0,0.0177,0.0531,0.4935
Waterbirds,minority_high_40,2.0%,0.02,uncertainty_diversity,Unc+Div-Lite,10,0.0442,0.0189,-0.0234,0.1667,30.0,0.3,0.3146,0.5304
Waterbirds,minority_high_40,2.0%,0.02,badge_lite,BADGE-Lite,10,0.0096,0.0107,-0.0358,0.0845,50.0,0.9063,0.0312,0.4958
Waterbirds,minority_high_40,2.0%,0.02,tracin_val_uncertainty,TracIn-CP (val),10,0.0065,0.0227,-0.0841,0.1417,40.0,0.9708,0.0427,0.4927
Waterbirds,minority_high_40,2.0%,0.02,tracin_noise_weighted,TracIn-CP (noise),10,0.05,0.0268,-0.0592,0.2212,40.0,0.7771,0.201,0.5362
Waterbirds,minority_high_40,2.0%,0.02,noise_score,NoiseScore,10,0.0508,0.0123,0.002,0.1184,0.0,0.501,0.4479,0.5075
Waterbirds,minority_high_40,2.0%,0.02,noise_score_budget_hybrid,BHC,10,0.0508,0.0123,0.002,0.1184,0.0,0.501,0.4479,0.5075
Waterbirds,minority_high_40,2.0%,0.02,NGC,NGC,10,0.0508,0.0123,0.002,0.1184,0.0,0.501,0.4479,0.5075
Waterbirds,minority_high_40,2.0%,0.02,noise_score_cpba_tc,CPBA-TC,10,0.0508,0.0123,0.002,0.1184,0.0,0.501,0.4479,0.5075
Waterbirds,minority_high_40,2.0%,0.02,CPBA-only,CPBA-only,10,0.0508,0.0123,0.002,0.1184,0.0,0.501,0.4479,0.5075
Waterbirds,minority_high_40,2.0%,0.02,noise_score_tc_only,TC-only,10,0.0508,0.0123,0.002,0.1184,0.0,0.501,0.4479,0.5075
Waterbirds,minority_high_40,2.0%,0.02,CPBA-TC-noFB,CPBA-TC-noFB,10,0.0508,0.0123,0.002,0.1184,0.0,0.501,0.4479,0.5075
Waterbirds,minority_high_40,2.0%,0.02,CPBA-TC-Guarded,CPBA-TC-Safe,10,0.0508,0.0123,0.002,0.1184,0.0,0.501,0.4479,0.5075
Waterbirds,minority_high_40,2.0%,0.02,oracle_noise_group_balanced,Oracle-GB,10,0.1065,0.0223,0.0171,0.243,0.0,1.0,0.4896,0.5632
Waterbirds,minority_high_40,5.0%,0.05,random,Random,10,0.0055,0.0084,-0.0187,0.0735,30.0,0.12,0.0529,0.4622
Waterbirds,minority_high_40,5.0%,0.05,loss,Loss,10,-0.0525,0.0185,-0.1526,0.0561,90.0,0.9804,0.0187,0.4042
Waterbirds,minority_high_40,5.0%,0.05,entropy,Entropy,10,0.1003,0.021,0.0125,0.2227,0.0,0.2279,0.4108,0.557
Waterbirds,minority_high_40,5.0%,0.05,forgetting,Forgetting,10,0.0395,0.0191,-0.0857,0.1441,20.0,0.7167,0.2125,0.5257
Waterbirds,minority_high_40,5.0%,0.05,margin,Margin,10,-0.0117,0.0224,-0.1511,0.067,50.0,0.9837,0.0158,0.4745
Waterbirds,minority_high_40,5.0%,0.05,aum,AUM,10,0.0063,0.0191,-0.0826,0.0748,40.0,0.9846,0.0142,0.4925
Waterbirds,minority_high_40,5.0%,0.05,confident_learning,Cleanlab,10,-0.0117,0.0224,-0.1511,0.067,50.0,0.9837,0.0158,0.4745
Waterbirds,minority_high_40,5.0%,0.05,coreset,Coreset-Lite,10,0.0105,0.0109,-0.0343,0.0865,40.0,0.0179,0.06,0.4967
Waterbirds,minority_high_40,5.0%,0.05,uncertainty_diversity,Unc+Div-Lite,10,0.0713,0.016,-0.0078,0.1417,10.0,0.2762,0.2971,0.5575
Waterbirds,minority_high_40,5.0%,0.05,badge_lite,BADGE-Lite,10,0.0189,0.0165,-0.0826,0.0974,30.0,0.7575,0.0575,0.5051
Waterbirds,minority_high_40,5.0%,0.05,tracin_val_uncertainty,TracIn-CP (val),10,-0.0412,0.0168,-0.1012,0.0421,70.0,0.9271,0.0658,0.445
Waterbirds,minority_high_40,5.0%,0.05,tracin_noise_weighted,TracIn-CP (noise),10,0.0004,0.0307,-0.0903,0.1994,60.0,0.8154,0.1517,0.4866
Waterbirds,minority_high_40,5.0%,0.05,noise_score,NoiseScore,10,0.0424,0.023,-0.0387,0.1656,40.0,0.3858,0.3621,0.4991
Waterbirds,minority_high_40,5.0%,0.05,noise_score_budget_hybrid,BHC,10,0.0438,0.0119,-0.0218,0.0936,10.0,0.3187,0.3583,0.5005
Waterbirds,minority_high_40,5.0%,0.05,NGC,NGC,10,0.0424,0.023,-0.0387,0.1656,40.0,0.3858,0.3621,0.4991
Waterbirds,minority_high_40,5.0%,0.05,noise_score_cpba_tc,CPBA-TC,10,0.0578,0.0319,-0.0387,0.2352,40.0,0.45,0.3583,0.5145
Waterbirds,minority_high_40,5.0%,0.05,CPBA-only,CPBA-only,10,0.1269,0.0223,0.0421,0.2773,0.0,0.5358,0.3783,0.5836
Waterbirds,minority_high_40,5.0%,0.05,noise_score_tc_only,TC-only,10,0.0456,0.0133,-0.0048,0.1207,10.0,0.3771,0.345,0.5023
Waterbirds,minority_high_40,5.0%,0.05,CPBA-TC-noFB,CPBA-TC-noFB,10,0.1119,0.0212,0.0249,0.2352,0.0,0.5758,0.3304,0.5686
Waterbirds,minority_high_40,5.0%,0.05,CPBA-TC-Guarded,CPBA-TC-Safe,10,0.0578,0.0319,-0.0387,0.2352,40.0,0.45,0.3583,0.5145
Waterbirds,minority_high_40,5.0%,0.05,oracle_noise_group_balanced,Oracle-GB,10,0.1766,0.0206,0.0899,0.2804,0.0,1.0,0.3933,0.6333
Waterbirds,minority_high_40,10.0%,0.1,random,Random,10,0.0307,0.0197,-0.0405,0.1791,30.0,0.119,0.0504,0.4874
Waterbirds,minority_high_40,10.0%,0.1,loss,Loss,10,-0.0735,0.0213,-0.1947,0.0202,80.0,0.9117,0.08,0.3832
Waterbirds,minority_high_40,10.0%,0.1,entropy,Entropy,10,0.1399,0.0201,0.0607,0.2523,0.0,0.2071,0.3258,0.5966
Waterbirds,minority_high_40,10.0%,0.1,noise_score,NoiseScore,10,0.0776,0.0134,0.0436,0.1642,0.0,0.2977,0.2863,0.5343
Waterbirds,minority_high_40,10.0%,0.1,noise_score_budget_hybrid,BHC,10,0.0543,0.0116,0.014,0.1163,0.0,0.351,0.2594,0.511
Waterbirds,minority_high_40,10.0%,0.1,NGC,NGC,10,0.0849,0.0133,0.0446,0.1642,0.0,0.3048,0.2869,0.5416
Waterbirds,minority_high_40,10.0%,0.1,noise_score_cpba_tc,CPBA-TC,10,0.112,0.024,0.0446,0.2467,0.0,0.4131,0.2879,0.5687
Waterbirds,minority_high_40,10.0%,0.1,CPBA-only,CPBA-only,10,0.1103,0.0253,0.0218,0.243,0.0,0.5431,0.2925,0.567
Waterbirds,minority_high_40,10.0%,0.1,noise_score_tc_only,TC-only,10,0.0548,0.012,0.014,0.1231,0.0,0.3519,0.2596,0.5115
Waterbirds,minority_high_40,10.0%,0.1,CPBA-TC-noFB,CPBA-TC-noFB,10,0.1248,0.0224,0.0327,0.2467,0.0,0.55,0.2637,0.5815
Waterbirds,minority_high_40,10.0%,0.1,CPBA-TC-Guarded,CPBA-TC-Safe,10,0.112,0.024,0.0446,0.2467,0.0,0.4131,0.2879,0.5687
Waterbirds,minority_high_40,10.0%,0.1,oracle_noise_group_balanced,Oracle-GB,10,0.0827,0.0258,-0.0343,0.215,10.0,1.0,0.2023,0.5394
CelebA,uniform20,0.5%,0.005,random,Random,10,-0.001,0.0011,-0.0072,0.0032,40.0,0.202,0.0123,0.7277
CelebA,uniform20,0.5%,0.005,loss,Loss,10,0.0247,0.0019,0.0175,0.0347,0.0,0.98,0.0509,0.7534
CelebA,uniform20,0.5%,0.005,entropy,Entropy,10,0.0092,0.0033,-0.0063,0.0339,10.0,0.2301,0.1381,0.7379
CelebA,uniform20,0.5%,0.005,forgetting,Forgetting,10,0.0438,0.0041,0.0221,0.0662,0.0,0.613,0.163,0.7403
CelebA,uniform20,0.5%,0.005,margin,Margin,10,0.0235,0.003,0.0063,0.0347,0.0,0.9842,0.0382,0.72
CelebA,uniform20,0.5%,0.005,aum,AUM,10,0.0166,0.0031,0.0,0.0298,0.0,0.9959,0.0101,0.713
CelebA,uniform20,0.5%,0.005,confident_learning,Cleanlab,10,0.0235,0.003,0.0063,0.0347,0.0,0.9842,0.0382,0.72
CelebA,uniform20,0.5%,0.005,uncertainty_diversity,Unc+Div-Lite,10,0.0025,0.0017,-0.0032,0.0095,40.0,0.2542,0.1253,0.6989
CelebA,uniform20,0.5%,0.005,badge_lite,BADGE-Lite,10,0.018,0.0018,0.0063,0.0226,0.0,0.9811,0.0349,0.7145
CelebA,uniform20,0.5%,0.005,tracin_val_uncertainty,TracIn-CP (val),10,0.0033,0.0032,-0.0158,0.0205,20.0,0.9958,0.0031,0.6997
CelebA,uniform20,0.5%,0.005,tracin_noise_weighted,TracIn-CP (noise),10,0.0081,0.0036,-0.0126,0.0247,20.0,0.957,0.0027,0.7045
CelebA,uniform20,0.5%,0.005,noise_score,NoiseScore,10,0.0427,0.0035,0.0315,0.0658,0.0,0.6415,0.1194,0.7714
CelebA,uniform20,0.5%,0.005,noise_score_budget_hybrid,BHC,10,0.0427,0.0035,0.0315,0.0658,0.0,0.6415,0.1194,0.7714
CelebA,uniform20,0.5%,0.005,NGC,NGC,10,0.0427,0.0035,0.0315,0.0658,0.0,0.6415,0.1194,0.7714
CelebA,uniform20,0.5%,0.005,noise_score_cpba_tc,CPBA-TC,10,0.0427,0.0035,0.0315,0.0658,0.0,0.6415,0.1194,0.7714
CelebA,uniform20,0.5%,0.005,CPBA-only,CPBA-only,10,0.0427,0.0035,0.0315,0.0658,0.0,0.6415,0.1194,0.7714
CelebA,uniform20,0.5%,0.005,noise_score_tc_only,TC-only,10,0.0427,0.0035,0.0315,0.0658,0.0,0.6415,0.1194,0.7714
CelebA,uniform20,0.5%,0.005,CPBA-TC-noFB,CPBA-TC-noFB,10,0.0427,0.0035,0.0315,0.0658,0.0,0.6415,0.1194,0.7714
CelebA,uniform20,0.5%,0.005,CPBA-TC-Guarded,CPBA-TC-Safe,10,0.0427,0.0035,0.0315,0.0658,0.0,0.6415,0.1194,0.7714
CelebA,uniform20,0.5%,0.005,oracle_noise_group_balanced,Oracle-GB,10,0.0284,0.0036,0.0072,0.0473,0.0,1.0,0.2506,0.7571
CelebA,uniform20,1.0%,0.01,random,Random,10,0.0,0.0018,-0.0095,0.0095,40.0,0.201,0.0126,0.7287
CelebA,uniform20,1.0%,0.01,loss,Loss,10,0.0335,0.002,0.0252,0.041,0.0,0.9864,0.0352,0.7622
CelebA,uniform20,1.0%,0.01,entropy,Entropy,10,0.0165,0.0031,0.0034,0.0347,0.0,0.2279,0.133,0.7452
CelebA,uniform20,1.0%,0.01,forgetting,Forgetting,10,0.0861,0.0059,0.0473,0.1122,0.0,0.6946,0.1682,0.7826
CelebA,uniform20,1.0%,0.01,margin,Margin,10,0.0324,0.0035,0.0063,0.041,0.0,0.9886,0.0281,0.7288
CelebA,uniform20,1.0%,0.01,aum,AUM,10,0.0253,0.0039,0.0,0.0432,0.0,0.996,0.0085,0.7218
CelebA,uniform20,1.0%,0.01,confident_learning,Cleanlab,10,0.0324,0.0035,0.0063,0.041,0.0,0.9886,0.0281,0.7288
CelebA,uniform20,1.0%,0.01,uncertainty_diversity,Unc+Div-Lite,10,0.0052,0.0063,-0.0473,0.0221,10.0,0.234,0.1354,0.7016
CelebA,uniform20,1.0%,0.01,badge_lite,BADGE-Lite,10,0.0313,0.0039,0.0063,0.0442,0.0,0.9861,0.0304,0.7277
CelebA,uniform20,1.0%,0.01,tracin_val_uncertainty,TracIn-CP (val),10,0.0014,0.0045,-0.0221,0.0221,30.0,0.9962,0.003,0.6979
CelebA,uniform20,1.0%,0.01,tracin_noise_weighted,TracIn-CP (noise),10,0.0131,0.0036,-0.0032,0.0288,10.0,0.9635,0.0017,0.7095
CelebA,uniform20,1.0%,0.01,noise_score,NoiseScore,10,0.0685,0.0043,0.0442,0.088,0.0,0.6564,0.133,0.7972
CelebA,uniform20,1.0%,0.01,noise_score_budget_hybrid,BHC,10,0.0685,0.0043,0.0442,0.088,0.0,0.6564,0.133,0.7972
CelebA,uniform20,1.0%,0.01,NGC,NGC,10,0.0685,0.0043,0.0442,0.088,0.0,0.6564,0.133,0.7972
CelebA,uniform20,1.0%,0.01,noise_score_cpba_tc,CPBA-TC,10,0.0597,0.0031,0.041,0.0757,0.0,0.7972,0.0972,0.7884
CelebA,uniform20,1.0%,0.01,CPBA-only,CPBA-only,10,0.0597,0.0031,0.041,0.0757,0.0,0.7972,0.0972,0.7884
CelebA,uniform20,1.0%,0.01,noise_score_tc_only,TC-only,10,0.0685,0.0043,0.0442,0.088,0.0,0.6564,0.133,0.7972
CelebA,uniform20,1.0%,0.01,CPBA-TC-noFB,CPBA-TC-noFB,10,0.0597,0.0031,0.041,0.0757,0.0,0.7972,0.0972,0.7884
CelebA,uniform20,1.0%,0.01,CPBA-TC-Guarded,CPBA-TC-Safe,10,0.0597,0.0031,0.041,0.0757,0.0,0.7972,0.0972,0.7884
CelebA,uniform20,1.0%,0.01,oracle_noise_group_balanced,Oracle-GB,10,0.055,0.0039,0.0381,0.0726,0.0,1.0,0.25,0.7837
CelebA,uniform20,2.0%,0.02,random,Random,10,-0.0003,0.0056,-0.0442,0.0189,40.0,0.2011,0.0131,0.7284
CelebA,uniform20,2.0%,0.02,loss,Loss,10,0.0425,0.0073,0.0049,0.0789,0.0,0.9898,0.0249,0.7712
CelebA,uniform20,2.0%,0.02,entropy,Entropy,10,0.0277,0.0038,0.0063,0.0473,0.0,0.2311,0.1176,0.7564
CelebA,uniform20,2.0%,0.02,forgetting,Forgetting,10,0.104,0.0039,0.0789,0.1199,0.0,0.7051,0.1143,0.8004
CelebA,uniform20,2.0%,0.02,margin,Margin,10,0.045,0.0049,0.0095,0.0599,0.0,0.991,0.0191,0.7415
CelebA,uniform20,2.0%,0.02,aum,AUM,10,0.0311,0.007,-0.0051,0.0576,20.0,0.9961,0.0064,0.7275
CelebA,uniform20,2.0%,0.02,confident_learning,Cleanlab,10,0.045,0.0049,0.0095,0.0599,0.0,0.991,0.0191,0.7415
CelebA,uniform20,2.0%,0.02,uncertainty_diversity,Unc+Div-Lite,10,0.0232,0.0078,-0.041,0.0456,10.0,0.2257,0.1308,0.7196
CelebA,uniform20,2.0%,0.02,badge_lite,BADGE-Lite,10,0.0437,0.0047,0.0095,0.0599,0.0,0.9908,0.0195,0.7401
CelebA,uniform20,2.0%,0.02,tracin_val_uncertainty,TracIn-CP (val),10,0.0032,0.0033,-0.0158,0.0203,30.0,0.9967,0.0026,0.6997
CelebA,uniform20,2.0%,0.02,tracin_noise_weighted,TracIn-CP (noise),10,0.0184,0.0051,-0.0095,0.0456,10.0,0.9632,0.0015,0.7148
CelebA,uniform20,2.0%,0.02,noise_score,NoiseScore,10,0.0784,0.0045,0.0505,0.0972,0.0,0.3889,0.0786,0.8071
CelebA,uniform20,2.0%,0.02,noise_score_budget_hybrid,BHC,10,0.0784,0.0045,0.0505,0.0972,0.0,0.3889,0.0786,0.8071
CelebA,uniform20,2.0%,0.02,NGC,NGC,10,0.0784,0.0045,0.0505,0.0972,0.0,0.3889,0.0786,0.8071
CelebA,uniform20,2.0%,0.02,noise_score_cpba_tc,CPBA-TC,10,0.064,0.0034,0.0442,0.0757,0.0,0.8957,0.0517,0.7927
CelebA,uniform20,2.0%,0.02,CPBA-only,CPBA-only,10,0.064,0.0034,0.0442,0.0757,0.0,0.8957,0.0517,0.7927
CelebA,uniform20,2.0%,0.02,noise_score_tc_only,TC-only,10,0.0784,0.0045,0.0505,0.0972,0.0,0.3889,0.0786,0.8071
CelebA,uniform20,2.0%,0.02,CPBA-TC-noFB,CPBA-TC-noFB,10,0.064,0.0034,0.0442,0.0757,0.0,0.8957,0.0517,0.7927
CelebA,uniform20,2.0%,0.02,CPBA-TC-Guarded,CPBA-TC-Safe,10,0.064,0.0034,0.0442,0.0757,0.0,0.8957,0.0517,0.7927
CelebA,uniform20,2.0%,0.02,oracle_noise_group_balanced,Oracle-GB,10,0.0889,0.0039,0.0741,0.1104,0.0,1.0,0.1352,0.8176
CelebA,uniform20,5.0%,0.05,random,Random,10,-0.0037,0.0053,-0.0442,0.0158,50.0,0.1996,0.0131,0.725
CelebA,uniform20,5.0%,0.05,loss,Loss,10,0.0585,0.0061,0.0284,0.0852,0.0,0.9918,0.0147,0.7872
CelebA,uniform20,5.0%,0.05,entropy,Entropy,10,0.0254,0.0042,0.0095,0.0522,0.0,0.2322,0.0833,0.7541
CelebA,uniform20,5.0%,0.05,forgetting,Forgetting,10,0.1166,0.0068,0.0694,0.1388,0.0,0.8792,0.0487,0.813
CelebA,uniform20,5.0%,0.05,margin,Margin,10,0.0603,0.007,0.0126,0.082,0.0,0.9932,0.0119,0.7568
CelebA,uniform20,5.0%,0.05,aum,AUM,10,0.0476,0.0077,0.0032,0.0694,0.0,0.9961,0.005,0.744
CelebA,uniform20,5.0%,0.05,confident_learning,Cleanlab,10,0.0603,0.007,0.0126,0.082,0.0,0.9932,0.0119,0.7568
CelebA,uniform20,5.0%,0.05,uncertainty_diversity,Unc+Div-Lite,10,0.0378,0.0048,0.0189,0.0662,0.0,0.229,0.0935,0.7343
CelebA,uniform20,5.0%,0.05,badge_lite,BADGE-Lite,10,0.0603,0.007,0.0126,0.082,0.0,0.9932,0.0119,0.7568
CelebA,uniform20,5.0%,0.05,tracin_val_uncertainty,TracIn-CP (val),10,-0.0053,0.0046,-0.0347,0.0095,40.0,0.9965,0.0021,0.6912
CelebA,uniform20,5.0%,0.05,tracin_noise_weighted,TracIn-CP (noise),10,0.0253,0.0054,-0.0063,0.0442,10.0,0.9584,0.0014,0.7218
CelebA,uniform20,5.0%,0.05,noise_score,NoiseScore,10,0.0855,0.0053,0.0536,0.1073,0.0,0.179,0.0363,0.8142
CelebA,uniform20,5.0%,0.05,noise_score_budget_hybrid,BHC,10,0.0835,0.0044,0.0599,0.1009,0.0,0.1704,0.0359,0.8121
CelebA,uniform20,5.0%,0.05,NGC,NGC,10,0.0835,0.0044,0.0599,0.1009,0.0,0.1704,0.0359,0.8121
CelebA,uniform20,5.0%,0.05,noise_score_cpba_tc,CPBA-TC,10,0.0816,0.0063,0.041,0.1041,0.0,0.8854,0.0251,0.8103
CelebA,uniform20,5.0%,0.05,CPBA-only,CPBA-only,10,0.082,0.0056,0.0442,0.1104,0.0,0.9112,0.0257,0.8107
CelebA,uniform20,5.0%,0.05,noise_score_tc_only,TC-only,10,0.0835,0.0044,0.0599,0.1009,0.0,0.1704,0.0359,0.8121
CelebA,uniform20,5.0%,0.05,CPBA-TC-noFB,CPBA-TC-noFB,10,0.0816,0.0063,0.041,0.1041,0.0,0.8854,0.0251,0.8103
CelebA,uniform20,5.0%,0.05,CPBA-TC-Guarded,CPBA-TC-Safe,10,0.0816,0.0063,0.041,0.1041,0.0,0.8854,0.0251,0.8103
CelebA,uniform20,5.0%,0.05,oracle_noise_group_balanced,Oracle-GB,10,0.1274,0.0055,0.1009,0.16,0.0,1.0,0.0541,0.8561
CelebA,uniform20,10.0%,0.1,random,Random,10,-0.0032,0.0054,-0.0315,0.0234,60.0,0.1995,0.0128,0.7255
CelebA,uniform20,10.0%,0.1,loss,Loss,10,0.0678,0.0067,0.0284,0.0895,0.0,0.992,0.01,0.7965
CelebA,uniform20,10.0%,0.1,entropy,Entropy,10,0.0137,0.0064,-0.0131,0.0525,30.0,0.2329,0.055,0.7423
CelebA,uniform20,10.0%,0.1,noise_score,NoiseScore,10,0.0942,0.0053,0.0599,0.1136,0.0,0.1029,0.0213,0.8228
CelebA,uniform20,10.0%,0.1,noise_score_budget_hybrid,BHC,10,0.0902,0.0046,0.0631,0.1085,0.0,0.0966,0.0204,0.8189
CelebA,uniform20,10.0%,0.1,NGC,NGC,10,0.0902,0.0046,0.0631,0.1085,0.0,0.0966,0.0204,0.8189
CelebA,uniform20,10.0%,0.1,noise_score_cpba_tc,CPBA-TC,10,0.0926,0.0074,0.0442,0.1216,0.0,0.7426,0.0173,0.8213
CelebA,uniform20,10.0%,0.1,CPBA-only,CPBA-only,10,0.0954,0.0072,0.0536,0.1185,0.0,0.7523,0.0177,0.8241
CelebA,uniform20,10.0%,0.1,noise_score_tc_only,TC-only,10,0.0902,0.0046,0.0631,0.1085,0.0,0.0966,0.0204,0.8189
CelebA,uniform20,10.0%,0.1,CPBA-TC-noFB,CPBA-TC-noFB,10,0.0926,0.0074,0.0442,0.1216,0.0,0.7426,0.0173,0.8213
CelebA,uniform20,10.0%,0.1,CPBA-TC-Guarded,CPBA-TC-Safe,10,0.0926,0.0074,0.0442,0.1216,0.0,0.7426,0.0173,0.8213
CelebA,uniform20,10.0%,0.1,oracle_noise_group_balanced,Oracle-GB,10,0.1282,0.006,0.1073,0.1546,0.0,1.0,0.027,0.8569
CelebA,minority_high_40,0.5%,0.005,random,Random,10,0.0022,0.0014,-0.0032,0.0126,10.0,0.1069,0.0123,0.671
CelebA,minority_high_40,0.5%,0.005,loss,Loss,10,0.006,0.002,-0.0032,0.0189,10.0,0.9844,0.0184,0.6748
CelebA,minority_high_40,0.5%,0.005,entropy,Entropy,10,0.0132,0.001,0.0063,0.0158,0.0,0.1657,0.192,0.682
CelebA,minority_high_40,0.5%,0.005,forgetting,Forgetting,10,0.0454,0.0025,0.0315,0.0536,0.0,0.7436,0.3355,0.6666
CelebA,minority_high_40,0.5%,0.005,margin,Margin,10,0.005,0.0037,-0.0126,0.0315,20.0,0.9883,0.0087,0.6262
CelebA,minority_high_40,0.5%,0.005,aum,AUM,10,0.0019,0.0045,-0.0126,0.0315,50.0,0.9972,0.001,0.623
CelebA,minority_high_40,0.5%,0.005,confident_learning,Cleanlab,10,0.005,0.0037,-0.0126,0.0315,20.0,0.9883,0.0087,0.6262
CelebA,minority_high_40,0.5%,0.005,uncertainty_diversity,Unc+Div-Lite,10,0.0063,0.0022,-0.0063,0.0158,10.0,0.1785,0.21,0.6274
CelebA,minority_high_40,0.5%,0.005,badge_lite,BADGE-Lite,10,0.0032,0.0032,-0.0095,0.0189,40.0,0.9806,0.0161,0.6243
CelebA,minority_high_40,0.5%,0.005,tracin_val_uncertainty,TracIn-CP (val),10,-0.005,0.0032,-0.0221,0.0158,70.0,0.9955,0.0033,0.6161
CelebA,minority_high_40,0.5%,0.005,tracin_noise_weighted,TracIn-CP (noise),10,0.0025,0.0029,-0.0126,0.0189,30.0,0.9241,0.0023,0.6237
CelebA,minority_high_40,0.5%,0.005,noise_score,NoiseScore,10,0.0618,0.0029,0.0505,0.0789,0.0,0.7414,0.4287,0.7305
CelebA,minority_high_40,0.5%,0.005,noise_score_budget_hybrid,BHC,10,0.0618,0.0029,0.0505,0.0789,0.0,0.7414,0.4287,0.7305
CelebA,minority_high_40,0.5%,0.005,NGC,NGC,10,0.0618,0.0029,0.0505,0.0789,0.0,0.7414,0.4287,0.7305
CelebA,minority_high_40,0.5%,0.005,noise_score_cpba_tc,CPBA-TC,10,0.0618,0.0029,0.0505,0.0789,0.0,0.7414,0.4287,0.7305
CelebA,minority_high_40,0.5%,0.005,CPBA-only,CPBA-only,10,0.0618,0.0029,0.0505,0.0789,0.0,0.7414,0.4287,0.7305
CelebA,minority_high_40,0.5%,0.005,noise_score_tc_only,TC-only,10,0.0618,0.0029,0.0505,0.0789,0.0,0.7414,0.4287,0.7305
CelebA,minority_high_40,0.5%,0.005,CPBA-TC-noFB,CPBA-TC-noFB,10,0.0618,0.0029,0.0505,0.0789,0.0,0.7414,0.4287,0.7305
CelebA,minority_high_40,0.5%,0.005,CPBA-TC-Guarded,CPBA-TC-Safe,10,0.0618,0.0029,0.0505,0.0789,0.0,0.7414,0.4287,0.7305
CelebA,minority_high_40,0.5%,0.005,oracle_noise_group_balanced,Oracle-GB,10,0.0538,0.0029,0.043,0.0757,0.0,1.0,0.2506,0.7226
CelebA,minority_high_40,1.0%,0.01,random,Random,10,0.0041,0.0016,-0.0032,0.0158,10.0,0.1041,0.0126,0.6729
CelebA,minority_high_40,1.0%,0.01,loss,Loss,10,0.012,0.0031,0.0032,0.0284,0.0,0.9883,0.0143,0.6808
CelebA,minority_high_40,1.0%,0.01,entropy,Entropy,10,0.0282,0.0021,0.0189,0.041,0.0,0.1677,0.1916,0.697
CelebA,minority_high_40,1.0%,0.01,forgetting,Forgetting,10,0.0851,0.004,0.0694,0.1069,0.0,0.6967,0.3649,0.7063
CelebA,minority_high_40,1.0%,0.01,margin,Margin,10,0.0107,0.0037,-0.0032,0.0347,10.0,0.9908,0.0075,0.6319
CelebA,minority_high_40,1.0%,0.01,aum,AUM,10,0.0082,0.0043,-0.0126,0.0315,10.0,0.9971,0.0012,0.6293
CelebA,minority_high_40,1.0%,0.01,confident_learning,Cleanlab,10,0.0107,0.0037,-0.0032,0.0347,10.0,0.9908,0.0075,0.6319
CelebA,minority_high_40,1.0%,0.01,uncertainty_diversity,Unc+Div-Lite,10,0.0164,0.0031,0.0032,0.0315,0.0,0.168,0.1927,0.6375
CelebA,minority_high_40,1.0%,0.01,badge_lite,BADGE-Lite,10,0.0107,0.0039,0.0,0.0379,0.0,0.9878,0.0106,0.6319
CelebA,minority_high_40,1.0%,0.01,tracin_val_uncertainty,TracIn-CP (val),10,-0.0076,0.0032,-0.0221,0.0032,60.0,0.9966,0.0026,0.6136
CelebA,minority_high_40,1.0%,0.01,tracin_noise_weighted,TracIn-CP (noise),10,0.0044,0.0031,-0.0063,0.0252,30.0,0.949,0.0013,0.6256
CelebA,minority_high_40,1.0%,0.01,noise_score,NoiseScore,10,0.1007,0.0028,0.0915,0.1199,0.0,0.6919,0.3701,0.7695
CelebA,minority_high_40,1.0%,0.01,noise_score_budget_hybrid,BHC,10,0.1007,0.0028,0.0915,0.1199,0.0,0.6919,0.3701,0.7695
CelebA,minority_high_40,1.0%,0.01,NGC,NGC,10,0.1007,0.0028,0.0915,0.1199,0.0,0.6919,0.3701,0.7695
CelebA,minority_high_40,1.0%,0.01,noise_score_cpba_tc,CPBA-TC,10,0.0881,0.0026,0.0789,0.1073,0.0,0.8413,0.3214,0.7569
CelebA,minority_high_40,1.0%,0.01,CPBA-only,CPBA-only,10,0.0881,0.0026,0.0789,0.1073,0.0,0.8413,0.3214,0.7569
CelebA,minority_high_40,1.0%,0.01,noise_score_tc_only,TC-only,10,0.1007,0.0028,0.0915,0.1199,0.0,0.6919,0.3701,0.7695
CelebA,minority_high_40,1.0%,0.01,CPBA-TC-noFB,CPBA-TC-noFB,10,0.0881,0.0026,0.0789,0.1073,0.0,0.8413,0.3214,0.7569
CelebA,minority_high_40,1.0%,0.01,CPBA-TC-Guarded,CPBA-TC-Safe,10,0.0881,0.0026,0.0789,0.1073,0.0,0.8413,0.3214,0.7569
CelebA,minority_high_40,1.0%,0.01,oracle_noise_group_balanced,Oracle-GB,10,0.0885,0.0039,0.0694,0.1073,0.0,1.0,0.25,0.7572
CelebA,minority_high_40,2.0%,0.02,random,Random,10,0.0057,0.0026,-0.0032,0.0252,10.0,0.1029,0.0131,0.6744
CelebA,minority_high_40,2.0%,0.02,loss,Loss,10,0.0054,0.0062,-0.0284,0.0442,40.0,0.9892,0.0116,0.6741
CelebA,minority_high_40,2.0%,0.02,entropy,Entropy,10,0.0448,0.0043,0.0221,0.0662,0.0,0.166,0.1808,0.7136
CelebA,minority_high_40,2.0%,0.02,forgetting,Forgetting,10,0.0978,0.0061,0.0726,0.1296,0.0,0.7997,0.1905,0.719
CelebA,minority_high_40,2.0%,0.02,margin,Margin,10,0.012,0.0049,-0.0158,0.0379,20.0,0.9924,0.0062,0.6331
CelebA,minority_high_40,2.0%,0.02,aum,AUM,10,0.0035,0.0052,-0.0221,0.0284,40.0,0.9965,0.0014,0.6246
CelebA,minority_high_40,2.0%,0.02,confident_learning,Cleanlab,10,0.012,0.0049,-0.0158,0.0379,20.0,0.9924,0.0062,0.6331
CelebA,minority_high_40,2.0%,0.02,uncertainty_diversity,Unc+Div-Lite,10,0.0347,0.0029,0.0221,0.0473,0.0,0.1612,0.1783,0.6558
CelebA,minority_high_40,2.0%,0.02,badge_lite,BADGE-Lite,10,0.011,0.0043,-0.0095,0.0379,20.0,0.9919,0.0069,0.6322
CelebA,minority_high_40,2.0%,0.02,tracin_val_uncertainty,TracIn-CP (val),10,-0.017,0.003,-0.0315,-0.0032,100.0,0.9961,0.0029,0.6041
CelebA,minority_high_40,2.0%,0.02,tracin_noise_weighted,TracIn-CP (noise),10,-0.0019,0.0033,-0.0126,0.0158,50.0,0.9587,0.001,0.6192
CelebA,minority_high_40,2.0%,0.02,noise_score,NoiseScore,10,0.1081,0.0029,0.0946,0.1199,0.0,0.3981,0.2129,0.7769
CelebA,minority_high_40,2.0%,0.02,noise_score_budget_hybrid,BHC,10,0.1081,0.0029,0.0946,0.1199,0.0,0.3981,0.2129,0.7769
CelebA,minority_high_40,2.0%,0.02,NGC,NGC,10,0.1081,0.0029,0.0946,0.1199,0.0,0.3981,0.2129,0.7769
CelebA,minority_high_40,2.0%,0.02,noise_score_cpba_tc,CPBA-TC,10,0.0997,0.0054,0.0726,0.1262,0.0,0.8961,0.169,0.7685
CelebA,minority_high_40,2.0%,0.02,CPBA-only,CPBA-only,10,0.0997,0.0054,0.0726,0.1262,0.0,0.8961,0.169,0.7685
CelebA,minority_high_40,2.0%,0.02,noise_score_tc_only,TC-only,10,0.1081,0.0029,0.0946,0.1199,0.0,0.3981,0.2129,0.7769
CelebA,minority_high_40,2.0%,0.02,CPBA-TC-noFB,CPBA-TC-noFB,10,0.0997,0.0054,0.0726,0.1262,0.0,0.8961,0.169,0.7685
CelebA,minority_high_40,2.0%,0.02,CPBA-TC-Guarded,CPBA-TC-Safe,10,0.0997,0.0054,0.0726,0.1262,0.0,0.8961,0.169,0.7685
CelebA,minority_high_40,2.0%,0.02,oracle_noise_group_balanced,Oracle-GB,10,0.1465,0.0049,0.1293,0.1703,0.0,1.0,0.2506,0.8153
CelebA,minority_high_40,5.0%,0.05,random,Random,10,0.0101,0.0035,-0.0095,0.0252,10.0,0.1029,0.0131,0.6789
CelebA,minority_high_40,5.0%,0.05,loss,Loss,10,0.0151,0.0053,-0.0126,0.0473,10.0,0.9886,0.0095,0.6839
CelebA,minority_high_40,5.0%,0.05,entropy,Entropy,10,0.0723,0.0043,0.0536,0.0946,0.0,0.157,0.1374,0.7411
CelebA,minority_high_40,5.0%,0.05,forgetting,Forgetting,10,0.0915,0.0041,0.0726,0.1136,0.0,0.9162,0.0772,0.7126
CelebA,minority_high_40,5.0%,0.05,margin,Margin,10,-0.0117,0.0056,-0.0379,0.0126,70.0,0.9913,0.0064,0.6095
CelebA,minority_high_40,5.0%,0.05,aum,AUM,10,-0.0495,0.0065,-0.0757,-0.0095,100.0,0.9938,0.0022,0.5716
CelebA,minority_high_40,5.0%,0.05,confident_learning,Cleanlab,10,-0.0117,0.0056,-0.0379,0.0126,70.0,0.9913,0.0064,0.6095
CelebA,minority_high_40,5.0%,0.05,uncertainty_diversity,Unc+Div-Lite,10,0.0636,0.0038,0.0379,0.082,0.0,0.1544,0.1448,0.6847
CelebA,minority_high_40,5.0%,0.05,badge_lite,BADGE-Lite,10,-0.0117,0.0056,-0.0379,0.0126,70.0,0.9913,0.0064,0.6095
CelebA,minority_high_40,5.0%,0.05,tracin_val_uncertainty,TracIn-CP (val),10,-0.0773,0.0059,-0.1104,-0.0473,100.0,0.9899,0.0051,0.5438
CelebA,minority_high_40,5.0%,0.05,tracin_noise_weighted,TracIn-CP (noise),10,-0.0413,0.0051,-0.0694,-0.0126,100.0,0.9561,0.0018,0.5798
CelebA,minority_high_40,5.0%,0.05,noise_score,NoiseScore,10,0.1145,0.0039,0.0978,0.1388,0.0,0.1745,0.0929,0.7833
CelebA,minority_high_40,5.0%,0.05,noise_score_budget_hybrid,BHC,10,0.1122,0.0032,0.0978,0.1262,0.0,0.1709,0.0929,0.781
CelebA,minority_high_40,5.0%,0.05,NGC,NGC,10,0.1145,0.0039,0.0978,0.1388,0.0,0.1745,0.0929,0.7833
CelebA,minority_high_40,5.0%,0.05,noise_score_cpba_tc,CPBA-TC,10,0.1233,0.0052,0.1041,0.1451,0.0,0.6712,0.0874,0.7921
CelebA,minority_high_40,5.0%,0.05,CPBA-only,CPBA-only,10,0.1249,0.0051,0.1041,0.1451,0.0,0.6504,0.0881,0.7937
CelebA,minority_high_40,5.0%,0.05,noise_score_tc_only,TC-only,10,0.1122,0.0032,0.0978,0.1262,0.0,0.1709,0.0929,0.781
CelebA,minority_high_40,5.0%,0.05,CPBA-TC-noFB,CPBA-TC-noFB,10,0.1233,0.0052,0.1041,0.1451,0.0,0.6712,0.0874,0.7921
CelebA,minority_high_40,5.0%,0.05,CPBA-TC-Guarded,CPBA-TC-Safe,10,0.1233,0.0052,0.1041,0.1451,0.0,0.6712,0.0874,0.7921
CelebA,minority_high_40,5.0%,0.05,oracle_noise_group_balanced,Oracle-GB,10,0.1562,0.0045,0.1388,0.1798,0.0,1.0,0.1059,0.8249
CelebA,minority_high_40,10.0%,0.1,random,Random,10,0.0132,0.0059,-0.0284,0.0315,20.0,0.1026,0.0128,0.682
CelebA,minority_high_40,10.0%,0.1,loss,Loss,10,0.0101,0.009,-0.0442,0.0442,30.0,0.9507,0.0277,0.6789
CelebA,minority_high_40,10.0%,0.1,entropy,Entropy,10,0.0771,0.0029,0.0604,0.0883,0.0,0.1441,0.0915,0.7459
CelebA,minority_high_40,10.0%,0.1,noise_score,NoiseScore,10,0.1235,0.0043,0.1041,0.1483,0.0,0.0933,0.049,0.7922
CelebA,minority_high_40,10.0%,0.1,noise_score_budget_hybrid,BHC,10,0.1174,0.0035,0.0978,0.1325,0.0,0.0916,0.0485,0.7862
CelebA,minority_high_40,10.0%,0.1,NGC,NGC,10,0.1235,0.0043,0.1041,0.1483,0.0,0.0933,0.049,0.7922
CelebA,minority_high_40,10.0%,0.1,noise_score_cpba_tc,CPBA-TC,10,0.1284,0.0065,0.0978,0.1546,0.0,0.507,0.0479,0.7972
CelebA,minority_high_40,10.0%,0.1,CPBA-only,CPBA-only,10,0.1325,0.0056,0.1073,0.1546,0.0,0.4851,0.0479,0.8013
CelebA,minority_high_40,10.0%,0.1,noise_score_tc_only,TC-only,10,0.1174,0.0035,0.0978,0.1325,0.0,0.0916,0.0485,0.7862
CelebA,minority_high_40,10.0%,0.1,CPBA-TC-noFB,CPBA-TC-noFB,10,0.1284,0.0065,0.0978,0.1546,0.0,0.507,0.0479,0.7972
CelebA,minority_high_40,10.0%,0.1,CPBA-TC-Guarded,CPBA-TC-Safe,10,0.1284,0.0065,0.0978,0.1546,0.0,0.507,0.0479,0.7972
CelebA,minority_high_40,10.0%,0.1,oracle_noise_group_balanced,Oracle-GB,10,0.1256,0.0066,0.0915,0.1577,0.0,1.0,0.0529,0.7943
CivilComments,uniform20,0.5%,0.005,random,Random,10,-0.0003,0.0002,-0.0012,0.0012,80.0,0.1941,0.0113,0.0932
CivilComments,uniform20,0.5%,0.005,loss,Loss,10,0.0353,0.0008,0.0319,0.041,0.0,0.9874,0.0001,0.1288
CivilComments,uniform20,0.5%,0.005,entropy,Entropy,10,0.0037,0.0006,0.0,0.0063,0.0,0.1983,0.0807,0.0972
CivilComments,uniform20,0.5%,0.005,forgetting,Forgetting,10,0.0231,0.0012,0.0167,0.0293,0.0,0.4529,0.0608,0.0966
CivilComments,uniform20,0.5%,0.005,margin,Margin,10,0.027,0.0005,0.0249,0.0302,0.0,0.9832,0.0001,0.1005
CivilComments,uniform20,0.5%,0.005,aum,AUM,10,0.0221,0.0004,0.0197,0.0243,0.0,0.9711,0.0001,0.0957
CivilComments,uniform20,0.5%,0.005,confident_learning,Cleanlab,10,0.027,0.0005,0.0249,0.0302,0.0,0.9832,0.0001,0.1005
CivilComments,uniform20,0.5%,0.005,uncertainty_diversity,Unc+Div-Lite,10,0.0033,0.0002,0.0024,0.0049,0.0,0.1952,0.063,0.0769
CivilComments,uniform20,0.5%,0.005,badge_lite,BADGE-Lite,10,0.0252,0.0003,0.0234,0.027,0.0,0.98,0.0006,0.0987
CivilComments,uniform20,0.5%,0.005,tracin_val_uncertainty,TracIn-CP (val),10,0.0056,0.0003,0.0043,0.0068,0.0,0.8316,0.0071,0.0791
CivilComments,uniform20,0.5%,0.005,tracin_noise_weighted,TracIn-CP (noise),10,0.0161,0.0004,0.014,0.0179,0.0,0.837,0.0016,0.0897
CivilComments,uniform20,0.5%,0.005,noise_score,NoiseScore,10,0.0379,0.0014,0.033,0.0465,0.0,0.4349,0.0523,0.1314
CivilComments,uniform20,0.5%,0.005,noise_score_budget_hybrid,BHC,10,0.0379,0.0014,0.033,0.0465,0.0,0.4349,0.0523,0.1314
CivilComments,uniform20,0.5%,0.005,NGC,NGC,10,0.0379,0.0014,0.033,0.0465,0.0,0.4349,0.0523,0.1314
CivilComments,uniform20,0.5%,0.005,noise_score_cpba_tc,CPBA-TC,10,0.0353,0.0008,0.0319,0.041,0.0,0.9874,0.0001,0.1288
CivilComments,uniform20,0.5%,0.005,CPBA-only,CPBA-only,10,0.0353,0.0008,0.0319,0.041,0.0,0.9874,0.0001,0.1288
CivilComments,uniform20,0.5%,0.005,noise_score_tc_only,TC-only,10,0.0379,0.0014,0.033,0.0465,0.0,0.4349,0.0523,0.1314
CivilComments,uniform20,0.5%,0.005,CPBA-TC-noFB,CPBA-TC-noFB,10,0.0353,0.0008,0.0319,0.041,0.0,0.9874,0.0001,0.1288
CivilComments,uniform20,0.5%,0.005,CPBA-TC-Guarded,CPBA-TC-Safe,10,0.0353,0.0008,0.0319,0.041,0.0,0.9874,0.0001,0.1288
CivilComments,uniform20,0.5%,0.005,oracle_noise_group_balanced,Oracle-GB,10,0.0491,0.0013,0.044,0.0581,0.0,1.0,0.2506,0.1426
CivilComments,uniform20,1.0%,0.01,random,Random,10,-0.0,0.0001,-0.0004,0.0007,70.0,0.1986,0.0107,0.0935
CivilComments,uniform20,1.0%,0.01,loss,Loss,10,0.0614,0.001,0.0574,0.0674,0.0,0.9837,0.0003,0.155
CivilComments,uniform20,1.0%,0.01,entropy,Entropy,10,0.0076,0.0009,0.002,0.0107,0.0,0.1966,0.0783,0.1011
CivilComments,uniform20,1.0%,0.01,forgetting,Forgetting,10,0.0477,0.002,0.0361,0.057,0.0,0.6346,0.0338,0.1212
CivilComments,uniform20,1.0%,0.01,margin,Margin,10,0.0489,0.0008,0.0454,0.0528,0.0,0.9773,0.0004,0.1225
CivilComments,uniform20,1.0%,0.01,aum,AUM,10,0.0402,0.0007,0.037,0.0438,0.0,0.959,0.0008,0.1137
CivilComments,uniform20,1.0%,0.01,confident_learning,Cleanlab,10,0.0489,0.0008,0.0454,0.0528,0.0,0.9773,0.0004,0.1225
CivilComments,uniform20,1.0%,0.01,uncertainty_diversity,Unc+Div-Lite,10,0.0062,0.0004,0.0043,0.0089,0.0,0.1988,0.0722,0.0798
CivilComments,uniform20,1.0%,0.01,badge_lite,BADGE-Lite,10,0.0487,0.0007,0.0454,0.0528,0.0,0.9777,0.0004,0.1222
CivilComments,uniform20,1.0%,0.01,tracin_val_uncertainty,TracIn-CP (val),10,0.0081,0.0004,0.0063,0.01,0.0,0.8039,0.0107,0.0816
CivilComments,uniform20,1.0%,0.01,tracin_noise_weighted,TracIn-CP (noise),10,0.0298,0.0007,0.0275,0.035,0.0,0.8384,0.0014,0.1033
CivilComments,uniform20,1.0%,0.01,noise_score,NoiseScore,10,0.0549,0.0009,0.0505,0.0598,0.0,0.3541,0.0439,0.1484
CivilComments,uniform20,1.0%,0.01,noise_score_budget_hybrid,BHC,10,0.0549,0.0009,0.0505,0.0598,0.0,0.3541,0.0439,0.1484
CivilComments,uniform20,1.0%,0.01,NGC,NGC,10,0.0549,0.0009,0.0505,0.0598,0.0,0.3541,0.0439,0.1484
CivilComments,uniform20,1.0%,0.01,noise_score_cpba_tc,CPBA-TC,10,0.0614,0.001,0.0574,0.0674,0.0,0.9837,0.0003,0.155
CivilComments,uniform20,1.0%,0.01,CPBA-only,CPBA-only,10,0.0614,0.001,0.0574,0.0674,0.0,0.9837,0.0003,0.155
CivilComments,uniform20,1.0%,0.01,noise_score_tc_only,TC-only,10,0.0549,0.0009,0.0505,0.0598,0.0,0.3541,0.0439,0.1484
CivilComments,uniform20,1.0%,0.01,CPBA-TC-noFB,CPBA-TC-noFB,10,0.0614,0.001,0.0574,0.0674,0.0,0.9837,0.0003,0.155
CivilComments,uniform20,1.0%,0.01,CPBA-TC-Guarded,CPBA-TC-Safe,10,0.0614,0.001,0.0574,0.0674,0.0,0.9837,0.0003,0.155
CivilComments,uniform20,1.0%,0.01,oracle_noise_group_balanced,Oracle-GB,10,0.0776,0.0014,0.0704,0.0875,0.0,1.0,0.2314,0.1711
CivilComments,uniform20,2.0%,0.02,random,Random,10,0.0006,0.0006,-0.0026,0.0033,50.0,0.1993,0.0117,0.0942
CivilComments,uniform20,2.0%,0.02,loss,Loss,10,0.1022,0.0011,0.0977,0.107,0.0,0.9774,0.0003,0.1957
CivilComments,uniform20,2.0%,0.02,entropy,Entropy,10,0.0135,0.001,0.0086,0.0186,0.0,0.1986,0.076,0.107
CivilComments,uniform20,2.0%,0.02,forgetting,Forgetting,10,0.0878,0.002,0.077,0.0989,0.0,0.8018,0.0172,0.1613
CivilComments,uniform20,2.0%,0.02,margin,Margin,10,0.0815,0.0012,0.0754,0.0884,0.0,0.9682,0.0007,0.155
CivilComments,uniform20,2.0%,0.02,aum,AUM,10,0.0676,0.0013,0.0614,0.0747,0.0,0.9441,0.0012,0.1411
CivilComments,uniform20,2.0%,0.02,confident_learning,Cleanlab,10,0.0815,0.0012,0.0754,0.0884,0.0,0.9682,0.0007,0.155
CivilComments,uniform20,2.0%,0.02,uncertainty_diversity,Unc+Div-Lite,10,0.0109,0.0006,0.0069,0.0135,0.0,0.1979,0.0779,0.0845
CivilComments,uniform20,2.0%,0.02,badge_lite,BADGE-Lite,10,0.0815,0.0012,0.0754,0.0884,0.0,0.9682,0.0007,0.155
CivilComments,uniform20,2.0%,0.02,tracin_val_uncertainty,TracIn-CP (val),10,0.0126,0.0007,0.01,0.0154,0.0,0.7805,0.0141,0.0861
CivilComments,uniform20,2.0%,0.02,tracin_noise_weighted,TracIn-CP (noise),10,0.0499,0.001,0.0457,0.0567,0.0,0.8308,0.0017,0.1234
CivilComments,uniform20,2.0%,0.02,noise_score,NoiseScore,10,0.0761,0.0011,0.0716,0.0817,0.0,0.2758,0.0351,0.1696
CivilComments,uniform20,2.0%,0.02,noise_score_budget_hybrid,BHC,10,0.0761,0.0011,0.0716,0.0817,0.0,0.2758,0.0351,0.1696
CivilComments,uniform20,2.0%,0.02,NGC,NGC,10,0.0761,0.0011,0.0716,0.0817,0.0,0.2758,0.0351,0.1696
CivilComments,uniform20,2.0%,0.02,noise_score_cpba_tc,CPBA-TC,10,0.1082,0.002,0.098,0.1171,0.0,0.8891,0.007,0.2018
CivilComments,uniform20,2.0%,0.02,CPBA-only,CPBA-only,10,0.1082,0.002,0.098,0.1171,0.0,0.8891,0.007,0.2018
CivilComments,uniform20,2.0%,0.02,noise_score_tc_only,TC-only,10,0.0761,0.0011,0.0716,0.0817,0.0,0.2758,0.0351,0.1696
CivilComments,uniform20,2.0%,0.02,CPBA-TC-noFB,CPBA-TC-noFB,10,0.1082,0.002,0.098,0.1171,0.0,0.8891,0.007,0.2018
CivilComments,uniform20,2.0%,0.02,CPBA-TC-Guarded,CPBA-TC-Safe,10,0.1082,0.002,0.098,0.1171,0.0,0.8891,0.007,0.2018
CivilComments,uniform20,2.0%,0.02,oracle_noise_group_balanced,Oracle-GB,10,0.0789,0.0027,0.0675,0.0994,0.0,1.0,0.1157,0.1724
CivilComments,uniform20,5.0%,0.05,random,Random,10,0.0019,0.0009,-0.003,0.0059,20.0,0.1994,0.0115,0.0954
CivilComments,uniform20,5.0%,0.05,loss,Loss,10,0.1689,0.0015,0.1626,0.1802,0.0,0.9615,0.0008,0.2624
CivilComments,uniform20,5.0%,0.05,entropy,Entropy,10,0.02,0.0014,0.0148,0.0284,0.0,0.2,0.0726,0.1136
CivilComments,uniform20,5.0%,0.05,forgetting,Forgetting,10,0.1447,0.0019,0.1342,0.1549,0.0,0.8854,0.0078,0.2183
CivilComments,uniform20,5.0%,0.05,margin,Margin,10,0.1302,0.0014,0.1222,0.1385,0.0,0.9472,0.0013,0.2038
CivilComments,uniform20,5.0%,0.05,aum,AUM,10,0.1123,0.0016,0.1037,0.1206,0.0,0.9189,0.0022,0.1859
CivilComments,uniform20,5.0%,0.05,confident_learning,Cleanlab,10,0.1302,0.0014,0.1222,0.1385,0.0,0.9472,0.0013,0.2038
CivilComments,uniform20,5.0%,0.05,uncertainty_diversity,Unc+Div-Lite,10,0.0141,0.0011,0.008,0.0195,0.0,0.1998,0.0712,0.0877
CivilComments,uniform20,5.0%,0.05,badge_lite,BADGE-Lite,10,0.1302,0.0014,0.1222,0.1385,0.0,0.9472,0.0013,0.2038
CivilComments,uniform20,5.0%,0.05,tracin_val_uncertainty,TracIn-CP (val),10,0.0164,0.0007,0.0126,0.0188,0.0,0.7412,0.0218,0.09
CivilComments,uniform20,5.0%,0.05,tracin_noise_weighted,TracIn-CP (noise),10,0.082,0.0014,0.0752,0.0882,0.0,0.7985,0.0039,0.1555
CivilComments,uniform20,5.0%,0.05,noise_score,NoiseScore,10,0.112,0.001,0.1068,0.1172,0.0,0.1902,0.0243,0.2055
CivilComments,uniform20,5.0%,0.05,noise_score_budget_hybrid,BHC,10,0.101,0.0013,0.0953,0.1061,0.0,0.1715,0.0182,0.1946
CivilComments,uniform20,5.0%,0.05,NGC,NGC,10,0.101,0.0013,0.0953,0.1061,0.0,0.1715,0.0182,0.1946
CivilComments,uniform20,5.0%,0.05,noise_score_cpba_tc,CPBA-TC,10,0.1802,0.0018,0.1721,0.1924,0.0,0.8824,0.0082,0.2738
CivilComments,uniform20,5.0%,0.05,CPBA-only,CPBA-only,10,0.188,0.0018,0.1783,0.1991,0.0,0.9163,0.0055,0.2815
CivilComments,uniform20,5.0%,0.05,noise_score_tc_only,TC-only,10,0.1021,0.0011,0.0975,0.1064,0.0,0.173,0.019,0.1956
CivilComments,uniform20,5.0%,0.05,CPBA-TC-noFB,CPBA-TC-noFB,10,0.1802,0.0018,0.1721,0.1924,0.0,0.8824,0.0082,0.2738
CivilComments,uniform20,5.0%,0.05,CPBA-TC-Guarded,CPBA-TC-Safe,10,0.1802,0.0018,0.1721,0.1924,0.0,0.8824,0.0082,0.2738
CivilComments,uniform20,5.0%,0.05,oracle_noise_group_balanced,Oracle-GB,10,0.1806,0.0031,0.1651,0.1976,0.0,1.0,0.0463,0.2742
CivilComments,uniform20,10.0%,0.1,random,Random,10,0.0049,0.0012,0.0004,0.0111,0.0,0.1999,0.0115,0.0985
CivilComments,uniform20,10.0%,0.1,loss,Loss,10,0.1898,0.0022,0.1797,0.2042,0.0,0.9253,0.0026,0.2833
CivilComments,uniform20,10.0%,0.1,entropy,Entropy,10,0.0039,0.002,-0.0022,0.0169,50.0,0.2014,0.0608,0.0975
CivilComments,uniform20,10.0%,0.1,noise_score,NoiseScore,10,0.1389,0.001,0.1347,0.1441,0.0,0.1351,0.0167,0.2324
CivilComments,uniform20,10.0%,0.1,noise_score_budget_hybrid,BHC,10,0.1453,0.0011,0.1393,0.1506,0.0,0.1633,0.0135,0.2388
CivilComments,uniform20,10.0%,0.1,NGC,NGC,10,0.1453,0.0011,0.1393,0.1506,0.0,0.1633,0.0135,0.2388
CivilComments,uniform20,10.0%,0.1,noise_score_cpba_tc,CPBA-TC,10,0.2208,0.0022,0.2091,0.2318,0.0,0.8261,0.0083,0.3143
CivilComments,uniform20,10.0%,0.1,CPBA-only,CPBA-only,10,0.2125,0.0024,0.2024,0.2267,0.0,0.9067,0.0047,0.306
CivilComments,uniform20,10.0%,0.1,noise_score_tc_only,TC-only,10,0.1452,0.0011,0.1393,0.1506,0.0,0.1632,0.0136,0.2388
CivilComments,uniform20,10.0%,0.1,CPBA-TC-noFB,CPBA-TC-noFB,10,0.2208,0.0022,0.2091,0.2318,0.0,0.8261,0.0083,0.3143
CivilComments,uniform20,10.0%,0.1,CPBA-TC-Guarded,CPBA-TC-Safe,10,0.2208,0.0022,0.2091,0.2318,0.0,0.8261,0.0083,0.3143
CivilComments,uniform20,10.0%,0.1,oracle_noise_group_balanced,Oracle-GB,10,0.2681,0.0039,0.2509,0.2855,0.0,1.0,0.0231,0.3616
CivilComments,minority_high_40,0.5%,0.005,random,Random,10,0.0004,0.0003,-0.0007,0.002,20.0,0.1012,0.0113,0.0754
CivilComments,minority_high_40,0.5%,0.005,loss,Loss,10,0.0246,0.0011,0.0208,0.0319,0.0,0.9679,0.0007,0.0996
CivilComments,minority_high_40,0.5%,0.005,entropy,Entropy,10,0.0029,0.0006,0.0007,0.0065,0.0,0.1121,0.0467,0.0779
CivilComments,minority_high_40,0.5%,0.005,forgetting,Forgetting,10,0.0088,0.0008,0.0059,0.015,0.0,0.2877,0.0618,0.0602
CivilComments,minority_high_40,0.5%,0.005,margin,Margin,10,0.0136,0.0008,0.0091,0.0176,0.0,0.9455,0.0019,0.065
CivilComments,minority_high_40,0.5%,0.005,aum,AUM,10,0.0115,0.0007,0.0085,0.0163,0.0,0.877,0.0038,0.0628
CivilComments,minority_high_40,0.5%,0.005,confident_learning,Cleanlab,10,0.0136,0.0008,0.0091,0.0176,0.0,0.9455,0.0019,0.065
CivilComments,minority_high_40,0.5%,0.005,uncertainty_diversity,Unc+Div-Lite,10,0.0016,0.0003,0.0,0.0033,0.0,0.1143,0.0413,0.053
CivilComments,minority_high_40,0.5%,0.005,badge_lite,BADGE-Lite,10,0.0129,0.0007,0.0091,0.0163,0.0,0.9394,0.0022,0.0643
CivilComments,minority_high_40,0.5%,0.005,tracin_val_uncertainty,TracIn-CP (val),10,0.0044,0.0005,0.0026,0.0072,0.0,0.6778,0.0064,0.0558
CivilComments,minority_high_40,0.5%,0.005,tracin_noise_weighted,TracIn-CP (noise),10,0.0013,0.0005,0.0,0.0039,0.0,0.0501,0.0022,0.0527
CivilComments,minority_high_40,0.5%,0.005,noise_score,NoiseScore,10,0.0185,0.001,0.013,0.0221,0.0,0.2854,0.0716,0.0936
CivilComments,minority_high_40,0.5%,0.005,noise_score_budget_hybrid,BHC,10,0.0185,0.001,0.013,0.0221,0.0,0.2854,0.0716,0.0936
CivilComments,minority_high_40,0.5%,0.005,NGC,NGC,10,0.0185,0.001,0.013,0.0221,0.0,0.2854,0.0716,0.0936
CivilComments,minority_high_40,0.5%,0.005,noise_score_cpba_tc,CPBA-TC,10,0.0246,0.0011,0.0208,0.0319,0.0,0.9679,0.0007,0.0996
CivilComments,minority_high_40,0.5%,0.005,CPBA-only,CPBA-only,10,0.0246,0.0011,0.0208,0.0319,0.0,0.9679,0.0007,0.0996
CivilComments,minority_high_40,0.5%,0.005,noise_score_tc_only,TC-only,10,0.0185,0.001,0.013,0.0221,0.0,0.2854,0.0716,0.0936
CivilComments,minority_high_40,0.5%,0.005,CPBA-TC-noFB,CPBA-TC-noFB,10,0.0246,0.0011,0.0208,0.0319,0.0,0.9679,0.0007,0.0996
CivilComments,minority_high_40,0.5%,0.005,CPBA-TC-Guarded,CPBA-TC-Safe,10,0.0246,0.0011,0.0208,0.0319,0.0,0.9679,0.0007,0.0996
CivilComments,minority_high_40,0.5%,0.005,oracle_noise_group_balanced,Oracle-GB,10,0.0312,0.0015,0.0254,0.0384,0.0,1.0,0.2498,0.1062
CivilComments,minority_high_40,1.0%,0.01,random,Random,10,0.0001,0.0007,-0.0059,0.0033,20.0,0.1029,0.0107,0.0751
CivilComments,minority_high_40,1.0%,0.01,loss,Loss,10,0.0396,0.0011,0.0332,0.0436,0.0,0.9539,0.0012,0.1146
CivilComments,minority_high_40,1.0%,0.01,entropy,Entropy,10,0.0044,0.0007,0.0007,0.0078,0.0,0.1143,0.0468,0.0794
CivilComments,minority_high_40,1.0%,0.01,forgetting,Forgetting,10,0.0239,0.0015,0.0182,0.0351,0.0,0.6034,0.032,0.0753
CivilComments,minority_high_40,1.0%,0.01,margin,Margin,10,0.0252,0.0011,0.0202,0.0325,0.0,0.9228,0.0028,0.0766
CivilComments,minority_high_40,1.0%,0.01,aum,AUM,10,0.0212,0.0009,0.015,0.0254,0.0,0.8519,0.0042,0.0726
CivilComments,minority_high_40,1.0%,0.01,confident_learning,Cleanlab,10,0.0252,0.0011,0.0202,0.0325,0.0,0.9228,0.0028,0.0766
CivilComments,minority_high_40,1.0%,0.01,uncertainty_diversity,Unc+Div-Lite,10,0.0031,0.0004,0.0013,0.0046,0.0,0.1164,0.0503,0.0545
CivilComments,minority_high_40,1.0%,0.01,badge_lite,BADGE-Lite,10,0.0254,0.0011,0.0195,0.0319,0.0,0.9231,0.0028,0.0768
CivilComments,minority_high_40,1.0%,0.01,tracin_val_uncertainty,TracIn-CP (val),10,0.0079,0.0006,0.0046,0.0104,0.0,0.6465,0.0081,0.0593
CivilComments,minority_high_40,1.0%,0.01,tracin_noise_weighted,TracIn-CP (noise),10,0.009,0.0007,0.0065,0.013,0.0,0.3445,0.0027,0.0604
CivilComments,minority_high_40,1.0%,0.01,noise_score,NoiseScore,10,0.0286,0.0014,0.0182,0.0351,0.0,0.2302,0.0572,0.1036
CivilComments,minority_high_40,1.0%,0.01,noise_score_budget_hybrid,BHC,10,0.0286,0.0014,0.0182,0.0351,0.0,0.2302,0.0572,0.1036
CivilComments,minority_high_40,1.0%,0.01,NGC,NGC,10,0.0286,0.0014,0.0182,0.0351,0.0,0.2302,0.0572,0.1036
CivilComments,minority_high_40,1.0%,0.01,noise_score_cpba_tc,CPBA-TC,10,0.0385,0.0009,0.0338,0.0429,0.0,0.7728,0.0145,0.1135
CivilComments,minority_high_40,1.0%,0.01,CPBA-only,CPBA-only,10,0.0385,0.0009,0.0338,0.0429,0.0,0.7728,0.0145,0.1135
CivilComments,minority_high_40,1.0%,0.01,noise_score_tc_only,TC-only,10,0.0286,0.0014,0.0182,0.0351,0.0,0.2302,0.0572,0.1036
CivilComments,minority_high_40,1.0%,0.01,CPBA-TC-noFB,CPBA-TC-noFB,10,0.0385,0.0009,0.0338,0.0429,0.0,0.7728,0.0145,0.1135
CivilComments,minority_high_40,1.0%,0.01,CPBA-TC-Guarded,CPBA-TC-Safe,10,0.0385,0.0009,0.0338,0.0429,0.0,0.7728,0.0145,0.1135
CivilComments,minority_high_40,1.0%,0.01,oracle_noise_group_balanced,Oracle-GB,10,0.0493,0.0018,0.0423,0.0592,0.0,1.0,0.2506,0.1243
CivilComments,minority_high_40,2.0%,0.02,random,Random,10,0.002,0.001,-0.0059,0.0059,10.0,0.1027,0.0117,0.077
CivilComments,minority_high_40,2.0%,0.02,loss,Loss,10,0.064,0.0016,0.056,0.0722,0.0,0.9317,0.0025,0.139
CivilComments,minority_high_40,2.0%,0.02,entropy,Entropy,10,0.0105,0.0014,0.0052,0.0195,0.0,0.1138,0.0471,0.0855
CivilComments,minority_high_40,2.0%,0.02,forgetting,Forgetting,10,0.0444,0.0013,0.0371,0.0501,0.0,0.7449,0.0186,0.0958
CivilComments,minority_high_40,2.0%,0.02,margin,Margin,10,0.042,0.0009,0.0377,0.0468,0.0,0.8888,0.0046,0.0934
CivilComments,minority_high_40,2.0%,0.02,aum,AUM,10,0.036,0.0008,0.0319,0.041,0.0,0.8218,0.0057,0.0874
CivilComments,minority_high_40,2.0%,0.02,confident_learning,Cleanlab,10,0.042,0.0009,0.0377,0.0468,0.0,0.8888,0.0046,0.0934
CivilComments,minority_high_40,2.0%,0.02,uncertainty_diversity,Unc+Div-Lite,10,0.0061,0.0005,0.0039,0.0085,0.0,0.1162,0.0519,0.0575
CivilComments,minority_high_40,2.0%,0.02,badge_lite,BADGE-Lite,10,0.042,0.0009,0.0377,0.0468,0.0,0.8888,0.0046,0.0934
CivilComments,minority_high_40,2.0%,0.02,tracin_val_uncertainty,TracIn-CP (val),10,0.0143,0.0007,0.0104,0.0182,0.0,0.6166,0.0123,0.0657
CivilComments,minority_high_40,2.0%,0.02,tracin_noise_weighted,TracIn-CP (noise),10,0.0224,0.0012,0.0169,0.0306,0.0,0.5042,0.0037,0.0738
CivilComments,minority_high_40,2.0%,0.02,noise_score,NoiseScore,10,0.0426,0.0015,0.0306,0.0468,0.0,0.1765,0.046,0.1176
CivilComments,minority_high_40,2.0%,0.02,noise_score_budget_hybrid,BHC,10,0.0426,0.0015,0.0306,0.0468,0.0,0.1765,0.046,0.1176
CivilComments,minority_high_40,2.0%,0.02,NGC,NGC,10,0.0426,0.0015,0.0306,0.0468,0.0,0.1765,0.046,0.1176
CivilComments,minority_high_40,2.0%,0.02,noise_score_cpba_tc,CPBA-TC,10,0.0723,0.0012,0.0644,0.0768,0.0,0.783,0.0186,0.1474
CivilComments,minority_high_40,2.0%,0.02,CPBA-only,CPBA-only,10,0.0723,0.0012,0.0644,0.0768,0.0,0.783,0.0186,0.1474
CivilComments,minority_high_40,2.0%,0.02,noise_score_tc_only,TC-only,10,0.0426,0.0015,0.0306,0.0468,0.0,0.1765,0.046,0.1176
CivilComments,minority_high_40,2.0%,0.02,CPBA-TC-noFB,CPBA-TC-noFB,10,0.0723,0.0012,0.0644,0.0768,0.0,0.783,0.0186,0.1474
CivilComments,minority_high_40,2.0%,0.02,CPBA-TC-Guarded,CPBA-TC-Safe,10,0.0723,0.0012,0.0644,0.0768,0.0,0.783,0.0186,0.1474
CivilComments,minority_high_40,2.0%,0.02,oracle_noise_group_balanced,Oracle-GB,10,0.1251,0.0029,0.1139,0.1392,0.0,1.0,0.231,0.2001
CivilComments,minority_high_40,5.0%,0.05,random,Random,10,0.005,0.0011,-0.0033,0.0104,10.0,0.103,0.0115,0.08
CivilComments,minority_high_40,5.0%,0.05,loss,Loss,10,0.1034,0.0011,0.0976,0.1093,0.0,0.8616,0.0085,0.1784
CivilComments,minority_high_40,5.0%,0.05,entropy,Entropy,10,0.0209,0.0016,0.0111,0.028,0.0,0.1158,0.0473,0.096
CivilComments,minority_high_40,5.0%,0.05,forgetting,Forgetting,10,0.0711,0.0012,0.0664,0.0774,0.0,0.7684,0.0153,0.1225
CivilComments,minority_high_40,5.0%,0.05,margin,Margin,10,0.0609,0.001,0.0566,0.0664,0.0,0.812,0.0112,0.1123
CivilComments,minority_high_40,5.0%,0.05,aum,AUM,10,0.0557,0.001,0.0507,0.0592,0.0,0.744,0.0129,0.1071
CivilComments,minority_high_40,5.0%,0.05,confident_learning,Cleanlab,10,0.0609,0.001,0.0566,0.0664,0.0,0.812,0.0112,0.1123
CivilComments,minority_high_40,5.0%,0.05,uncertainty_diversity,Unc+Div-Lite,10,0.011,0.0008,0.0072,0.015,0.0,0.1157,0.0469,0.0624
CivilComments,minority_high_40,5.0%,0.05,badge_lite,BADGE-Lite,10,0.0609,0.001,0.0566,0.0664,0.0,0.812,0.0112,0.1123
CivilComments,minority_high_40,5.0%,0.05,tracin_val_uncertainty,TracIn-CP (val),10,0.023,0.001,0.0195,0.0273,0.0,0.5722,0.0201,0.0744
CivilComments,minority_high_40,5.0%,0.05,tracin_noise_weighted,TracIn-CP (noise),10,0.047,0.0005,0.0442,0.0488,0.0,0.5678,0.0088,0.0984
CivilComments,minority_high_40,5.0%,0.05,noise_score,NoiseScore,10,0.0685,0.0023,0.0534,0.0787,0.0,0.1191,0.0339,0.1435
CivilComments,minority_high_40,5.0%,0.05,noise_score_budget_hybrid,BHC,10,0.0548,0.0012,0.0462,0.0599,0.0,0.1042,0.0254,0.1298
CivilComments,minority_high_40,5.0%,0.05,NGC,NGC,10,0.0685,0.0023,0.0534,0.0787,0.0,0.1191,0.0339,0.1435
CivilComments,minority_high_40,5.0%,0.05,noise_score_cpba_tc,CPBA-TC,10,0.1103,0.0018,0.0995,0.121,0.0,0.7688,0.0182,0.1854
CivilComments,minority_high_40,5.0%,0.05,CPBA-only,CPBA-only,10,0.1207,0.0021,0.1087,0.1308,0.0,0.8172,0.014,0.1957
CivilComments,minority_high_40,5.0%,0.05,noise_score_tc_only,TC-only,10,0.0549,0.0012,0.0462,0.0599,0.0,0.1043,0.0254,0.1299
CivilComments,minority_high_40,5.0%,0.05,CPBA-TC-noFB,CPBA-TC-noFB,10,0.1103,0.0018,0.0995,0.121,0.0,0.7688,0.0182,0.1854
CivilComments,minority_high_40,5.0%,0.05,CPBA-TC-Guarded,CPBA-TC-Safe,10,0.1103,0.0018,0.0995,0.121,0.0,0.7688,0.0182,0.1854
CivilComments,minority_high_40,5.0%,0.05,oracle_noise_group_balanced,Oracle-GB,10,0.1923,0.0023,0.177,0.2039,0.0,1.0,0.0924,0.2674
CivilComments,minority_high_40,10.0%,0.1,random,Random,10,0.0126,0.0012,0.0078,0.0202,0.0,0.1026,0.0115,0.0876
CivilComments,minority_high_40,10.0%,0.1,loss,Loss,10,0.0902,0.0019,0.0826,0.0989,0.0,0.7137,0.0208,0.1653
CivilComments,minority_high_40,10.0%,0.1,entropy,Entropy,10,0.0293,0.0017,0.0208,0.0377,0.0,0.1143,0.0437,0.1044
CivilComments,minority_high_40,10.0%,0.1,noise_score,NoiseScore,10,0.0933,0.0026,0.0748,0.1028,0.0,0.0849,0.0256,0.1684
CivilComments,minority_high_40,10.0%,0.1,noise_score_budget_hybrid,BHC,10,0.084,0.0019,0.0716,0.0911,0.0,0.1017,0.02,0.159
CivilComments,minority_high_40,10.0%,0.1,NGC,NGC,10,0.0933,0.0026,0.0748,0.1028,0.0,0.0849,0.0256,0.1684
CivilComments,minority_high_40,10.0%,0.1,noise_score_cpba_tc,CPBA-TC,10,0.1412,0.0014,0.1347,0.147,0.0,0.6229,0.0184,0.2163
CivilComments,minority_high_40,10.0%,0.1,CPBA-only,CPBA-only,10,0.1503,0.0012,0.1438,0.1561,0.0,0.6317,0.0212,0.2253
CivilComments,minority_high_40,10.0%,0.1,noise_score_tc_only,TC-only,10,0.084,0.0019,0.0716,0.0911,0.0,0.1017,0.02,0.159
CivilComments,minority_high_40,10.0%,0.1,CPBA-TC-noFB,CPBA-TC-noFB,10,0.1412,0.0014,0.1347,0.147,0.0,0.6229,0.0184,0.2163
CivilComments,minority_high_40,10.0%,0.1,CPBA-TC-Guarded,CPBA-TC-Safe,10,0.1412,0.0014,0.1347,0.147,0.0,0.6229,0.0184,0.2163
CivilComments,minority_high_40,10.0%,0.1,oracle_noise_group_balanced,Oracle-GB,10,0.132,0.0019,0.1221,0.1382,0.0,1.0,0.0462,0.207
