dataset,noise,budget_fraction,method,n_absolute_seeds,absolute_delta_wga,absolute_ci_low,absolute_ci_high,n_paired_loss_seeds,delta_wga_vs_loss,paired_ci_low,paired_ci_high
Waterbirds,uniform20,0.005,random,10,0.008255451713395609,-0.012656904717587845,0.02916780814437906,10,-0.021628572020639468,-0.03945024805089417,-0.0038068959903847614
Waterbirds,uniform20,0.01,random,10,0.00591900311526483,-0.004531071325160178,0.016369077555689837,10,0.004517133956386329,-0.01203049625648975,0.02106476416926241
Waterbirds,uniform20,0.02,random,10,0.016510903426791238,-0.003478312565829318,0.036500119419411794,10,0.009121647291239241,-0.025487627071092336,0.043730921653570815
Waterbirds,uniform20,0.05,random,10,0.0017133956386292896,-0.021173193380510796,0.024599984657769372,10,-0.026308100379219563,-0.05200147439279933,-0.0006147263656397992
Waterbirds,uniform20,0.1,random,10,0.0060747663551401695,-0.02355732362308657,0.03570685633336691,10,-0.0038940809968847586,-0.026640397417542518,0.018852235423772998
Waterbirds,uniform20,0.005,loss,10,0.029884023734035082,0.00035350656352534093,0.05941454090454482,10,0.0,0.0,0.0
Waterbirds,uniform20,0.01,loss,10,0.0014018691588784996,-0.010015325767589671,0.012819064085346669,10,0.0,0.0,0.0
Waterbirds,uniform20,0.02,loss,10,0.007389256135552,-0.008136920139159572,0.022915432410263573,10,0.0,0.0,0.0
Waterbirds,uniform20,0.05,loss,10,0.028021496017848858,0.013755865502842106,0.04228712653285561,10,0.0,0.0,0.0
Waterbirds,uniform20,0.1,loss,10,0.009968847352024931,-0.009735379662619408,0.029673074366669272,10,0.0,0.0,0.0
Waterbirds,uniform20,0.005,entropy,10,0.009345794392523329,-0.00255127984948369,0.02124286863453035,10,-0.020538229341511748,-0.05161860020065305,0.010542141517629559
Waterbirds,uniform20,0.01,entropy,10,0.0003115264797507601,-0.014534167953555178,0.015157220913056697,10,-0.0010903426791277406,-0.02491375203340203,0.022733066675146546
Waterbirds,uniform20,0.02,entropy,10,0.0038940809968847218,-0.015556823857945604,0.023344985851715048,10,-0.003495175138667281,-0.03702786344467533,0.030037513167340768
Waterbirds,uniform20,0.05,entropy,10,0.014641744548286581,-0.018530125379106276,0.04781361447567944,10,-0.013379751469562268,-0.04362218304124066,0.016862680102116126
Waterbirds,uniform20,0.1,entropy,10,0.024143302180685312,-0.010680266934122558,0.05896687129549318,10,0.014174454828660383,-0.019803769603514352,0.04815267926083512
Waterbirds,uniform20,0.005,stratified_random,10,0.00685358255451711,-0.013687041495030961,0.02739420660406518,10,-0.023030441179517972,-0.043919150787010336,-0.002141731572025605
Waterbirds,uniform20,0.01,stratified_random,10,-0.0063862928348909515,-0.01471556990903702,0.0019429842392551175,10,-0.007788161993769449,-0.023746304525711706,0.008169980538172807
Waterbirds,uniform20,0.02,stratified_random,10,0.0012461059190030802,-0.009309049841499554,0.011801261679505713,10,-0.00614315021654892,-0.025236240161885803,0.012949939728787961
Waterbirds,uniform20,0.05,stratified_random,10,0.01464174454828657,-0.0023805262880839118,0.03166401538465705,10,-0.013379751469562278,-0.03839692454769067,0.011637421608566114
Waterbirds,uniform20,0.1,stratified_random,10,0.01993769470404983,-0.005147939857895783,0.04502332926599545,10,0.009968847352024902,-0.010497765888385843,0.030435460592435647
Waterbirds,uniform20,0.005,forgetting,10,0.0009345794392523101,-0.007826549097364324,0.009695707975868943,10,-0.028949444294782765,-0.05347201732584176,-0.004426871263723771
Waterbirds,uniform20,0.01,forgetting,10,-0.008878504672897188,-0.032823209384402835,0.015066200038608462,10,-0.010280373831775689,-0.03457483013040541,0.014014082466854028
Waterbirds,uniform20,0.02,forgetting,10,0.019314641744548243,-0.0018999703695108637,0.04052925385860735,10,0.011925385608996239,-0.021754826428331354,0.04560559764632383
Waterbirds,uniform20,0.05,forgetting,10,0.03255451713395638,0.006048219774783186,0.05906081449312957,10,0.00453302111610753,-0.02068878590769513,0.02975482813991019
Waterbirds,uniform20,0.1,forgetting,10,0.0243729752505681,0.0008470305300444687,0.04789891997109173,10,0.014404127898543173,8.525794881301257e-05,0.028722997848273334
Waterbirds,uniform20,0.005,margin,10,0.029884023734035082,0.00035350656352534093,0.05941454090454482,10,0.0,0.0,0.0
Waterbirds,uniform20,0.01,margin,10,0.0014018691588784996,-0.010015325767589671,0.012819064085346669,10,0.0,0.0,0.0
Waterbirds,uniform20,0.02,margin,10,0.007389256135552,-0.008136920139159572,0.022915432410263573,10,0.0,0.0,0.0
Waterbirds,uniform20,0.05,margin,10,0.028021496017848858,0.013755865502842106,0.04228712653285561,10,0.0,0.0,0.0
Waterbirds,uniform20,0.1,margin,10,0.009968847352024931,-0.009735379662619408,0.029673074366669272,10,0.0,0.0,0.0
Waterbirds,uniform20,0.005,aum,10,0.013395638629283469,-0.016053154219678158,0.0428444314782451,10,-0.016488385104751608,-0.04740054580402181,0.01442377559451859
Waterbirds,uniform20,0.01,aum,10,0.022274143302180673,-0.008520445843066958,0.0530687324474283,10,0.02087227414330217,-0.01600218435238979,0.05774673263899413
Waterbirds,uniform20,0.02,aum,10,0.0116822429906542,0.00027955684258964934,0.02308492913871875,10,0.0042929868551021995,-0.005664421063903342,0.014250394774107741
Waterbirds,uniform20,0.05,aum,10,0.00950155763239873,-0.00695411272312837,0.02595722798792583,10,-0.01851993838545012,-0.03771389378724053,0.0006740170163402892
Waterbirds,uniform20,0.1,aum,10,0.008411214953271021,-0.01502189067311548,0.031844320579657526,10,-0.0015576323987539092,-0.01940131105895233,0.016286046261444514
Waterbirds,uniform20,0.005,confident_learning,10,0.029884023734035082,0.00035350656352534093,0.05941454090454482,10,0.0,0.0,0.0
Waterbirds,uniform20,0.01,confident_learning,10,0.0014018691588784996,-0.010015325767589671,0.012819064085346669,10,0.0,0.0,0.0
Waterbirds,uniform20,0.02,confident_learning,10,0.007389256135552,-0.008136920139159572,0.022915432410263573,10,0.0,0.0,0.0
Waterbirds,uniform20,0.05,confident_learning,10,0.028021496017848858,0.013755865502842106,0.04228712653285561,10,0.0,0.0,0.0
Waterbirds,uniform20,0.1,confident_learning,10,0.009968847352024931,-0.009735379662619408,0.029673074366669272,10,0.0,0.0,0.0
Waterbirds,uniform20,0.005,nn_agreement,10,0.0012461059190031006,-0.012266679198637095,0.014758891036643296,10,-0.028637917815031978,-0.05883868996475358,0.0015628543346896256
Waterbirds,uniform20,0.01,nn_agreement,10,-0.0003115264797508191,-0.0251817633493505,0.024558710389848862,10,-0.0017133956386293195,-0.03020141294014626,0.02677462166288762
Waterbirds,uniform20,0.02,nn_agreement,10,0.0109967465859875,-0.011830191953464332,0.03382368512543933,10,0.003607490450435498,-0.030123972514391056,0.037338953415262055
Waterbirds,uniform20,0.05,nn_agreement,10,-0.00498442367601245,-0.03119948739850298,0.02123064004647808,10,-0.033005919693861296,-0.05310227035604118,-0.01290956903168141
Waterbirds,uniform20,0.1,nn_agreement,10,0.009034267912772578,-0.01608983230054393,0.034158368126089085,10,-0.0009345794392523496,-0.022802416505480327,0.020933257626975624
Waterbirds,uniform20,0.005,nn_label_spreading,10,-0.0026479750778816203,-0.014487512022132627,0.009191561866369387,10,-0.03253199881191669,-0.06395833447198009,-0.0011056631518533006
Waterbirds,uniform20,0.01,nn_label_spreading,10,0.00264797507788159,-0.011534765082798215,0.016830715238561396,10,0.0012461059190030904,-0.02058131930938002,0.0230735311473862
Waterbirds,uniform20,0.02,nn_label_spreading,10,0.012772585669781891,-0.002763294985287096,0.02830846632485088,10,0.00538332953422989,-0.02316266287528028,0.033929321943740064
Waterbirds,uniform20,0.05,nn_label_spreading,10,0.006074766355140171,-0.015547233906648748,0.02769676661692909,10,-0.02194672966270868,-0.044841292457086575,0.0009478331316692123
Waterbirds,uniform20,0.1,nn_label_spreading,10,0.008722741433021809,-0.03012299791485912,0.04756848078090274,10,-0.0012461059190031197,-0.032695621085652375,0.030203409247646133
Waterbirds,uniform20,0.005,coreset,10,-0.0037383177570093295,-0.01211301782811482,0.00463638231409616,10,-0.03362234149104441,-0.06814987106890272,0.0009051880868139114
Waterbirds,uniform20,0.01,coreset,10,-0.009968847352024909,-0.02662243201157281,0.006684737307522993,10,-0.011370716510903411,-0.03594099676661805,0.013199563744811226
Waterbirds,uniform20,0.02,coreset,10,0.00264797507788162,-0.013862932654195468,0.019158882809958706,10,-0.004741281057670382,-0.03438360081050132,0.02490103869516055
Waterbirds,uniform20,0.05,coreset,10,-0.00638629283489095,-0.016078175739733483,0.0033055900699515833,10,-0.0344077888527398,-0.05515190393499647,-0.013663673770483126
Waterbirds,uniform20,0.1,coreset,10,-0.002336448598130851,-0.02038957404410341,0.015716676847841705,10,-0.012305295950155778,-0.03649304796448845,0.011882456064176889
Waterbirds,uniform20,0.005,uncertainty_diversity,10,0.00436137071651092,-0.012013200505657858,0.020735941938679697,10,-0.025522653017524155,-0.04685965026729363,-0.004185655767754683
Waterbirds,uniform20,0.01,uncertainty_diversity,10,-0.0003115264797507797,-0.01335681448812757,0.012733761528626009,10,-0.001713395638629281,-0.023519637935245256,0.020092846657986694
Waterbirds,uniform20,0.02,uncertainty_diversity,10,-0.00654205607476631,-0.022394382265573838,0.009310270116041219,10,-0.01393131221031831,-0.04326753055907487,0.015404906138438253
Waterbirds,uniform20,0.05,uncertainty_diversity,10,0.00358255451713396,-0.01405153661448511,0.02121664564875303,10,-0.02443894150071489,-0.04288972541017797,-0.005988157591251805
Waterbirds,uniform20,0.1,uncertainty_diversity,10,0.015887850467289702,-0.009547304730189693,0.0413230056647691,10,0.005919003115264771,-0.020801636116527036,0.032639642347056574
Waterbirds,uniform20,0.005,badge_lite,10,0.00436137071651092,-0.012097233548658076,0.020819974981679916,10,-0.025522653017524155,-0.05329381720360639,0.0022485111685580823
Waterbirds,uniform20,0.01,badge_lite,10,0.011214953271028009,0.001168718112136695,0.021261188429919323,10,0.00981308411214951,-0.005053503738725731,0.02467967196302475
Waterbirds,uniform20,0.02,badge_lite,10,0.011370716510903411,-0.006019166982979206,0.02876060000478603,10,0.00398146037535141,-0.013383737146589997,0.021346657897292814
Waterbirds,uniform20,0.05,badge_lite,10,0.01968909519171656,-0.005882251178219701,0.04526044156165282,10,-0.00833240082613229,-0.024043377702090703,0.007378576049826125
Waterbirds,uniform20,0.1,badge_lite,10,0.016935159665955178,-0.013263808157978771,0.04713412748988913,10,0.0069663123139302495,-0.02036242231262341,0.03429504694048391
Waterbirds,uniform20,0.005,tracin_val_uncertainty,10,-0.00560747663551401,-0.02673085389492496,0.01551590062389694,10,-0.03549150036954909,-0.07215464011175472,0.0011716393726565466
Waterbirds,uniform20,0.01,tracin_val_uncertainty,10,0.003271028037383181,-0.029789408103458162,0.036331464178224526,10,0.0018691588785046801,-0.030458556145337767,0.03419687390234713
Waterbirds,uniform20,0.02,tracin_val_uncertainty,10,-0.0010903426791277105,-0.03248827406053276,0.030307588702277333,10,-0.008479598814679709,-0.05349014953750356,0.03653095190814414
Waterbirds,uniform20,0.05,tracin_val_uncertainty,10,-0.04922118380062303,-0.07846313115389944,-0.01997923644734662,10,-0.07724267981847188,-0.1047575336650748,-0.049727825971868964
Waterbirds,uniform20,0.1,tracin_val_uncertainty,10,-0.13208722741433018,-0.15790459615356348,-0.10626985867509689,10,-0.14205607476635512,-0.17753329709539198,-0.10657885243731827
Waterbirds,uniform20,0.005,tracin_noise_weighted,10,-0.0009345794392523199,-0.020519424101485103,0.018650265222980463,10,-0.030818603173287395,-0.06895701912131277,0.0073198127747379875
Waterbirds,uniform20,0.01,tracin_noise_weighted,10,-0.012772585669781927,-0.03498219685842664,0.009437025518862784,10,-0.01417445482866043,-0.038976092445262664,0.010627182787941803
Waterbirds,uniform20,0.02,tracin_noise_weighted,10,-0.028660436137071636,-0.07146000211907688,0.014139129844933616,10,-0.03604969227262364,-0.08629193313345174,0.014192548588204464
Waterbirds,uniform20,0.05,tracin_noise_weighted,10,-0.047975077881619935,-0.07569413761337318,-0.020256018149866696,10,-0.07599657389946878,-0.10188987030009136,-0.05010327749884619
Waterbirds,uniform20,0.1,tracin_noise_weighted,10,-0.11931464174454823,-0.14339235207143153,-0.09523693141766491,10,-0.12928348909657317,-0.15508054476948802,-0.10348643342365832
Waterbirds,uniform20,0.005,noise_score,10,0.00514018691588785,-0.013056032281116639,0.02333640611289234,10,-0.02474383681814723,-0.051931734246059666,0.002444060609765205
Waterbirds,uniform20,0.01,noise_score,10,0.01137071651090341,-0.005803640958370358,0.028545073980177176,10,0.009968847352024912,-0.006610016225733501,0.026547710929783325
Waterbirds,uniform20,0.02,noise_score,10,0.031028451830822434,0.009477845511287504,0.05257905815035736,10,0.023639195695270433,-0.006154625584766187,0.05343301697530706
Waterbirds,uniform20,0.05,noise_score,10,0.049550876902141966,0.00974093302085973,0.0893608207834242,10,0.02152938088429312,-0.01626302572231826,0.0593217874909045
Waterbirds,uniform20,0.1,noise_score,10,0.006090998887898811,-0.03178831393370127,0.04397031170949889,10,-0.0038778484641261183,-0.033854743848511754,0.02609904692025952
Waterbirds,uniform20,0.005,noise_score_budget_hybrid_v8,10,0.00514018691588785,-0.013056032281116639,0.02333640611289234,10,-0.02474383681814723,-0.051931734246059666,0.002444060609765205
Waterbirds,uniform20,0.01,noise_score_budget_hybrid_v8,10,0.01137071651090341,-0.005803640958370358,0.028545073980177176,10,0.009968847352024912,-0.006610016225733501,0.026547710929783325
Waterbirds,uniform20,0.02,noise_score_budget_hybrid_v8,10,0.031028451830822434,0.009477845511287504,0.05257905815035736,10,0.023639195695270433,-0.006154625584766187,0.05343301697530706
Waterbirds,uniform20,0.05,noise_score_budget_hybrid_v8,10,0.025139012647560584,0.0006423440683955735,0.0496356812267256,10,-0.0028824833702882705,-0.02131054680698798,0.015545580066411439
Waterbirds,uniform20,0.1,noise_score_budget_hybrid_v8,10,0.0586777047889425,0.026290633194430826,0.09106477638345417,10,0.048708857436917566,0.016771477677411606,0.08064623719642353
Waterbirds,uniform20,0.005,noise_score_cpba_only,10,0.00514018691588785,-0.013056032281116639,0.02333640611289234,10,-0.02474383681814723,-0.051931734246059666,0.002444060609765205
Waterbirds,uniform20,0.01,noise_score_cpba_only,10,0.01137071651090341,-0.005803640958370358,0.028545073980177176,10,0.009968847352024912,-0.006610016225733501,0.026547710929783325
Waterbirds,uniform20,0.02,noise_score_cpba_only,10,0.031028451830822434,0.009477845511287504,0.05257905815035736,10,0.023639195695270433,-0.006154625584766187,0.05343301697530706
Waterbirds,uniform20,0.05,noise_score_cpba_only,10,0.049550876902141966,0.00974093302085973,0.0893608207834242,10,0.02152938088429312,-0.01626302572231826,0.0593217874909045
Waterbirds,uniform20,0.1,noise_score_cpba_only,10,0.029416941238231402,-0.007216029905161396,0.06604991238162419,10,0.019448093886206476,-0.007759743535045473,0.046655931307458424
Waterbirds,uniform20,0.005,noise_score_cpba_tc_no_fallback,10,0.00514018691588785,-0.013056032281116639,0.02333640611289234,10,-0.02474383681814723,-0.051931734246059666,0.002444060609765205
Waterbirds,uniform20,0.01,noise_score_cpba_tc_no_fallback,10,0.01137071651090341,-0.005803640958370358,0.028545073980177176,10,0.009968847352024912,-0.006610016225733501,0.026547710929783325
Waterbirds,uniform20,0.02,noise_score_cpba_tc_no_fallback,10,0.031028451830822434,0.009477845511287504,0.05257905815035736,10,0.023639195695270433,-0.006154625584766187,0.05343301697530706
Waterbirds,uniform20,0.05,noise_score_cpba_tc_no_fallback,10,0.04636978400370239,0.01889636598333108,0.0738432020240737,10,0.01834828798585354,-0.007694215560738401,0.044390791532445475
Waterbirds,uniform20,0.1,noise_score_cpba_tc_no_fallback,10,0.03846219201359384,-0.010097206708084672,0.08702159073527235,10,0.02849334466156892,-0.012397306061575901,0.06938399538471374
Waterbirds,uniform20,0.005,noise_score_cpba_tc_v8_fallback,10,0.00514018691588785,-0.013056032281116639,0.02333640611289234,10,-0.02474383681814723,-0.051931734246059666,0.002444060609765205
Waterbirds,uniform20,0.01,noise_score_cpba_tc_v8_fallback,10,0.01137071651090341,-0.005803640958370358,0.028545073980177176,10,0.009968847352024912,-0.006610016225733501,0.026547710929783325
Waterbirds,uniform20,0.02,noise_score_cpba_tc_v8_fallback,10,0.031028451830822434,0.009477845511287504,0.05257905815035736,10,0.023639195695270433,-0.006154625584766187,0.05343301697530706
Waterbirds,uniform20,0.05,noise_score_cpba_tc_v8_fallback,10,0.03370599084070699,0.007230415764664204,0.06018156591674977,10,0.005684494822858139,-0.017162311731549994,0.02853130137726627
Waterbirds,uniform20,0.1,noise_score_cpba_tc_v8_fallback,10,0.0551792831437235,0.014761583063955142,0.09559698322349186,10,0.045210435791698575,0.006941480943572699,0.08347939063982446
Waterbirds,uniform20,0.005,oracle_noise_group_balanced,10,0.022897196261682212,0.007791269589960015,0.03800312293340441,10,-0.006986827472352866,-0.028906511826844825,0.014932856882139092
Waterbirds,uniform20,0.01,oracle_noise_group_balanced,10,0.05747663551401864,0.03627991353992781,0.07867335748810947,10,0.056074766355140124,0.03209005375489711,0.08005947895538314
Waterbirds,uniform20,0.02,oracle_noise_group_balanced,10,0.07990654205607474,0.04897339086302555,0.11083969324912393,10,0.07251728592052273,0.030686591674438282,0.11434798016660717
Waterbirds,uniform20,0.05,oracle_noise_group_balanced,10,0.11040056364879702,0.07520845077798215,0.14559267651961189,10,0.08237906763094818,0.050589839399915335,0.11416829586198103
Waterbirds,uniform20,0.1,oracle_noise_group_balanced,10,0.11404639050638592,0.07900739507812447,0.14908538593464737,10,0.10407754315436099,0.0764094811237528,0.1317456051849692
Waterbirds,minority_high_40,0.005,random,10,0.017703821898032053,-0.002813159419710127,0.03822080321577423,10,0.00925599740279478,-0.011036345427119816,0.02954834023270938
Waterbirds,minority_high_40,0.01,random,10,0.015500410993914502,-0.006001597151336031,0.037002419139165035,10,0.007876853789778322,-0.03137199545589053,0.04712570303544718
Waterbirds,minority_high_40,0.02,random,10,0.01254816227006789,-0.008973196506445073,0.034069521046580856,10,0.01345939449199079,-0.02656323007703655,0.05348201906101813
Waterbirds,minority_high_40,0.05,random,10,0.010012709727776941,-0.011587132856682853,0.03161255231223674,10,0.006810272775624959,-0.029973599237219387,0.043594144788469305
Waterbirds,minority_high_40,0.1,random,10,0.00947731244517203,-0.016635901186056647,0.0355905260764007,10,0.03770036816765793,-0.0484274689998848,0.12382820533520066
Waterbirds,minority_high_40,0.005,loss,10,0.008447824495237271,-0.003940569128823004,0.020836218119297548,10,0.0,0.0,0.0
Waterbirds,minority_high_40,0.01,loss,10,0.007623557204136181,-0.025090271836268715,0.04033738624454108,10,0.0,0.0,0.0
Waterbirds,minority_high_40,0.02,loss,10,-0.0009112322219229002,-0.045555975136511065,0.04373351069266526,10,0.0,0.0,0.0
Waterbirds,minority_high_40,0.05,loss,10,0.0032024369521519796,-0.044899165200793734,0.05130403910509769,10,0.0,0.0,0.0
Waterbirds,minority_high_40,0.1,loss,10,-0.0282230557224859,-0.11458219155370714,0.05813608010873533,10,0.0,0.0,0.0
Waterbirds,minority_high_40,0.005,entropy,10,0.007602489448853669,-0.006587534778473527,0.021792513676180864,10,-0.0008453350463836013,-0.017118901009424668,0.015428230916657466
Waterbirds,minority_high_40,0.01,entropy,10,0.033459187268168294,-0.00986445003026653,0.07678282456660313,10,0.02583563006403212,-0.003355187047359865,0.05502644717542411
Waterbirds,minority_high_40,0.02,entropy,10,0.06638131946315208,0.024434342806189016,0.10832829612011514,10,0.06729255168507499,0.008680557693280806,0.12590454567686918
Waterbirds,minority_high_40,0.05,entropy,10,0.09545295673857326,0.055839772981413675,0.13506614049573284,10,0.09225051978642129,0.0383658204997109,0.14613521907313168
Waterbirds,minority_high_40,0.1,entropy,10,0.13828784770430538,0.09449756862383521,0.18207812678477556,10,0.16651090342679126,0.09189788163095512,0.24112392522262738
Waterbirds,minority_high_40,0.005,stratified_random,10,0.00046728971962614016,-0.004433497838716846,0.005368077277969126,10,-0.00798053477561113,-0.02292594344406789,0.006964873892845632
Waterbirds,minority_high_40,0.01,stratified_random,10,0.0006230529595015101,-0.006189258330505625,0.007435364249508645,10,-0.007000504244634673,-0.04039783856299257,0.026396830073723225
Waterbirds,minority_high_40,0.02,stratified_random,10,0.006356383529850559,-0.007760560468032383,0.020473327527733502,10,0.007267615751773458,-0.032176438485612226,0.04671166998915915
Waterbirds,minority_high_40,0.05,stratified_random,10,0.01972984921013182,0.015160747536066317,0.02429895088419732,10,0.01652741225797984,-0.03132075388347229,0.06437557839943196
Waterbirds,minority_high_40,0.1,stratified_random,10,0.039655386783264565,0.028316441506724743,0.05099433205980439,10,0.06787844250575045,-0.02420419607322359,0.1599610810847245
Waterbirds,minority_high_40,0.005,forgetting,10,0.023646103156018776,-0.006245323659684526,0.05353752997172208,10,0.015198278660781508,-0.01727060434518627,0.04766716166674929
Waterbirds,minority_high_40,0.01,forgetting,10,0.055889093810224375,0.016174840906480532,0.09560334671396822,10,0.0482655366060882,0.0212649742839987,0.0752660989281777
Waterbirds,minority_high_40,0.02,forgetting,10,0.06912896919963246,0.03043984354075585,0.10781809485850907,10,0.07004020142155534,0.014749929726647702,0.12533047311646298
Waterbirds,minority_high_40,0.05,forgetting,10,0.03891090066380695,-0.004090478528103222,0.08191227985571713,10,0.03570846371165497,-0.020559643166091407,0.09197657058940134
Waterbirds,minority_high_40,0.1,forgetting,10,0.042245270116252495,0.010048753944848374,0.07444178628765662,10,0.07046832583873841,-0.00515897914650125,0.14609563082397808
Waterbirds,minority_high_40,0.005,margin,10,0.008447824495237271,-0.003940569128823004,0.020836218119297548,10,0.0,0.0,0.0
Waterbirds,minority_high_40,0.01,margin,10,0.007623557204136181,-0.025090271836268715,0.04033738624454108,10,0.0,0.0,0.0
Waterbirds,minority_high_40,0.02,margin,10,-0.0009112322219229002,-0.045555975136511065,0.04373351069266526,10,0.0,0.0,0.0
Waterbirds,minority_high_40,0.05,margin,10,0.0032024369521519796,-0.044899165200793734,0.05130403910509769,10,0.0,0.0,0.0
Waterbirds,minority_high_40,0.1,margin,10,-0.0282230557224859,-0.11458219155370714,0.05813608010873533,10,0.0,0.0,0.0
Waterbirds,minority_high_40,0.005,aum,10,0.0033270475440523193,-0.01651939454315262,0.02317348963125726,10,-0.00512077695118495,-0.025328888814251212,0.015087334911881311
Waterbirds,minority_high_40,0.01,aum,10,0.0043314614114705096,-0.02285546946360743,0.03151839228654845,10,-0.00329209579266567,-0.0410544450215528,0.03447025343622146
Waterbirds,minority_high_40,0.02,aum,10,0.0018775169060101411,-0.04511297853789226,0.04886801234991253,10,0.0027887491279330406,-0.015669759035437273,0.02124725729130335
Waterbirds,minority_high_40,0.05,aum,10,0.007135199729227529,-0.03683109681817184,0.0511014962766269,10,0.003932762777075547,-0.04371160909640656,0.05157713465055766
Waterbirds,minority_high_40,0.1,aum,10,-0.026976949803482773,-0.09678404669275839,0.04283014708579284,10,0.001246105919003132,-0.04839331094907528,0.05088552278708155
Waterbirds,minority_high_40,0.005,confident_learning,10,0.008447824495237271,-0.003940569128823004,0.020836218119297548,10,0.0,0.0,0.0
Waterbirds,minority_high_40,0.01,confident_learning,10,0.007623557204136181,-0.025090271836268715,0.04033738624454108,10,0.0,0.0,0.0
Waterbirds,minority_high_40,0.02,confident_learning,10,-0.0009112322219229002,-0.045555975136511065,0.04373351069266526,10,0.0,0.0,0.0
Waterbirds,minority_high_40,0.05,confident_learning,10,0.0032024369521519796,-0.044899165200793734,0.05130403910509769,10,0.0,0.0,0.0
Waterbirds,minority_high_40,0.1,confident_learning,10,-0.0282230557224859,-0.11458219155370714,0.05813608010873533,10,0.0,0.0,0.0
Waterbirds,minority_high_40,0.005,nn_agreement,10,0.004401917511103739,-0.020085610593503077,0.02888944561571055,10,-0.004045906984133529,-0.02440371125676953,0.01631189728850247
Waterbirds,minority_high_40,0.01,nn_agreement,10,0.015390651442623138,-0.022937317974898952,0.05371862086014523,10,0.00776709423848696,-0.00883781006696075,0.024371998543934667
Waterbirds,minority_high_40,0.02,nn_agreement,10,0.03007681096352167,-0.017531947457364198,0.07768556938440754,10,0.03098804318544457,-0.036233361696811864,0.098209448067701
Waterbirds,minority_high_40,0.05,nn_agreement,10,0.04638753617782562,-0.0059510554455255715,0.09872612780117682,10,0.04318509922567364,-0.023282336582741744,0.10965253503408902
Waterbirds,minority_high_40,0.1,nn_agreement,10,0.037509031504928465,0.007577798717976494,0.06744026429188044,10,0.06573208722741437,0.0035841249278645224,0.12788004952696422
Waterbirds,minority_high_40,0.005,nn_label_spreading,10,0.023208239219180617,-0.023349558105836984,0.06976603654419822,10,0.01476041472394335,-0.03352462821354104,0.06304545766142775
Waterbirds,minority_high_40,0.01,nn_label_spreading,10,0.03813208446443001,0.0030896396036297347,0.07317452932523029,10,0.03050852726029383,0.014672886990113439,0.04634416753047422
Waterbirds,minority_high_40,0.02,nn_label_spreading,10,0.03688597854542689,-0.005220707246352672,0.07899266433720645,10,0.03779721076734979,-0.01976546145982041,0.09535988299452
Waterbirds,minority_high_40,0.05,nn_label_spreading,10,0.0703281043855468,0.026099752865763375,0.11455645590533023,10,0.06712566743339482,-0.00519572335054605,0.1394470582173357
Waterbirds,minority_high_40,0.1,nn_label_spreading,10,0.07473644583514646,0.031957048246833604,0.11751584342345933,10,0.10295950155763237,0.02505585495365703,0.1808631481616077
Waterbirds,minority_high_40,0.005,coreset,10,0.00093457943925233,-0.0020460598722281745,0.003915218750732834,10,-0.007513245055984941,-0.019175950177665137,0.004149460065695257
Waterbirds,minority_high_40,0.01,coreset,10,0.00077881619937695,-0.00225003064854005,0.00380766304729395,10,-0.006844741004759231,-0.03785580817955849,0.024166326170040033
Waterbirds,minority_high_40,0.02,coreset,10,0.006512146769725979,-0.011087083200198708,0.024111376739650664,10,0.007423378991648877,-0.030921686940379035,0.045768444923676786
Waterbirds,minority_high_40,0.05,coreset,10,0.032307368188380245,-0.006515482729090874,0.07113021910585136,10,0.029104931236228267,-0.010807973618120276,0.06901783609057681
Waterbirds,minority_high_40,0.1,coreset,10,0.03626292558592531,0.008374672620476652,0.06415117855137396,10,0.06448598130841122,-0.01563462326148707,0.14460658587830952
Waterbirds,minority_high_40,0.005,uncertainty_diversity,10,0.023318551367331818,0.0003037389879664079,0.04633336374669723,10,0.01487072687209455,-0.0074457475657976925,0.03718720130998679
Waterbirds,minority_high_40,0.01,uncertainty_diversity,10,0.01022172949002214,-0.011553325264146326,0.031996784244190606,10,0.0025981722858859587,-0.03185023994996095,0.037046584521732866
Waterbirds,minority_high_40,0.02,uncertainty_diversity,10,0.0442168666376553,0.0010960631928742456,0.08733767008243634,10,0.045128098859578185,-0.012260602596377172,0.10251680031553354
Waterbirds,minority_high_40,0.05,uncertainty_diversity,10,0.07940934303140819,0.037303784486282375,0.121514901576534,10,0.07620690607925622,0.024721757132885075,0.12769205502562736
Waterbirds,minority_high_40,0.1,uncertainty_diversity,10,0.11056199100648605,0.06300600757583993,0.15811797443713216,10,0.13878504672897193,0.06253338549377463,0.21503670796416924
Waterbirds,minority_high_40,0.005,badge_lite,10,0.01845487010520059,-0.006560454436793293,0.04347019464719447,10,0.010007045609963319,-0.012747128446375877,0.032761219666302514
Waterbirds,minority_high_40,0.01,badge_lite,10,0.031901554869414414,0.0077278596416690305,0.0560752500971598,10,0.024277997665278238,-0.01584919346943401,0.06440518879999049
Waterbirds,minority_high_40,0.02,badge_lite,10,0.010084823617989791,-0.013954340679666204,0.03412398791564579,10,0.010996055839912687,-0.03223686312901783,0.0542289748088432
Waterbirds,minority_high_40,0.05,badge_lite,10,0.01316064681462446,-0.019363584101909383,0.0456848777311583,10,0.009958209862472481,-0.02754821194916877,0.04746463167411373
Waterbirds,minority_high_40,0.1,badge_lite,10,0.0009286390230087302,-0.05635790171753153,0.05821517976354899,10,0.029151694745494634,-0.06015916520689482,0.11846255469788408
Waterbirds,minority_high_40,0.005,tracin_val_uncertainty,10,0.013236076285996498,-0.025274790814369154,0.05174694338636215,10,0.00478825179075923,-0.03175747713151856,0.04133398071303702
Waterbirds,minority_high_40,0.01,tracin_val_uncertainty,10,0.01211962340524,-0.02658494819180093,0.05082419500228093,10,0.00449606620110382,-0.023239494574264257,0.032231626976471896
Waterbirds,minority_high_40,0.02,tracin_val_uncertainty,10,0.0065121467697259695,-0.0447633685519012,0.05778766209135314,10,0.007423378991648871,-0.04414887757170159,0.05899563555499933
Waterbirds,minority_high_40,0.05,tracin_val_uncertainty,10,-0.04021682519289084,-0.07754319842637884,-0.002890451959402837,10,-0.043419262145042825,-0.11260427504043499,0.025765750750349342
Waterbirds,minority_high_40,0.1,tracin_val_uncertainty,10,-0.12666542332373193,-0.1772447342140477,-0.07608611243341615,10,-0.09844236760124603,-0.17634132138247777,-0.020543413820014303
Waterbirds,minority_high_40,0.005,tracin_noise_weighted,10,0.029054644921980198,-0.007410977003244196,0.06552026684720459,10,0.020606820426742934,-0.019995050878230478,0.06120869173171635
Waterbirds,minority_high_40,0.01,tracin_noise_weighted,10,0.03766479474480382,-0.0081749483915049,0.08350453788111253,10,0.03004123754066764,-0.0009914006347520668,0.06107387571608735
Waterbirds,minority_high_40,0.02,tracin_noise_weighted,10,0.05370840845196893,-0.007202073199689012,0.11461889010362686,10,0.054619640673891835,-0.005773155185127235,0.1150124365329109
Waterbirds,minority_high_40,0.05,tracin_noise_weighted,10,0.0001258539348350421,-0.06526838196308869,0.06552008983275877,10,-0.003076583017316936,-0.08422419729023359,0.07807103125559972
Waterbirds,minority_high_40,0.1,tracin_noise_weighted,10,-0.14411090618977554,-0.19703462193325083,-0.09118719044630025,10,-0.11588785046728964,-0.18596979265823121,-0.04580590827634806
Waterbirds,minority_high_40,0.005,noise_score,10,0.03579563586629913,-0.002818893767732228,0.07441016550033049,10,0.027347811371061858,-0.014241763161131012,0.06893738590325472
Waterbirds,minority_high_40,0.01,noise_score,10,0.061185803786669955,0.018195370793390765,0.10417623677994914,10,0.05356224658253378,0.03114133438319608,0.07598315878187148
Waterbirds,minority_high_40,0.02,noise_score,10,0.09457094307561592,0.049562562569309264,0.13957932358192257,10,0.09548217529753884,0.03298317331350221,0.15798117728157549
Waterbirds,minority_high_40,0.05,noise_score,10,0.04585075740307102,-0.015606511530187238,0.10730802633632927,10,0.04264832045091904,-0.03140901697489491,0.116705657876733
Waterbirds,minority_high_40,0.1,noise_score,10,0.13287564498414733,0.10057443161167728,0.16517685835661738,10,0.16109870070663324,0.07254205257812808,0.2496553488351384
Waterbirds,minority_high_40,0.005,noise_score_budget_hybrid_v8,10,0.03579563586629913,-0.002818893767732228,0.07441016550033049,10,0.027347811371061858,-0.014241763161131012,0.06893738590325472
Waterbirds,minority_high_40,0.01,noise_score_budget_hybrid_v8,10,0.061185803786669955,0.018195370793390765,0.10417623677994914,10,0.05356224658253378,0.03114133438319608,0.07598315878187148
Waterbirds,minority_high_40,0.02,noise_score_budget_hybrid_v8,10,0.09457094307561592,0.049562562569309264,0.13957932358192257,10,0.09548217529753884,0.03298317331350221,0.15798117728157549
Waterbirds,minority_high_40,0.05,noise_score_budget_hybrid_v8,10,0.04585075740307102,-0.015606511530187238,0.10730802633632927,10,0.04264832045091904,-0.03140901697489491,0.116705657876733
Waterbirds,minority_high_40,0.1,noise_score_budget_hybrid_v8,10,0.13287564498414733,0.10057443161167728,0.16517685835661738,10,0.16109870070663324,0.07254205257812808,0.2496553488351384
Waterbirds,minority_high_40,0.005,noise_score_cpba_only,10,0.03579563586629913,-0.002818893767732228,0.07441016550033049,10,0.027347811371061858,-0.014241763161131012,0.06893738590325472
Waterbirds,minority_high_40,0.01,noise_score_cpba_only,10,0.061185803786669955,0.018195370793390765,0.10417623677994914,10,0.05356224658253378,0.03114133438319608,0.07598315878187148
Waterbirds,minority_high_40,0.02,noise_score_cpba_only,10,0.10062402000400628,0.05610522206968245,0.14514281793833012,10,0.10153525222592918,0.04317688093938023,0.15989362351247816
Waterbirds,minority_high_40,0.05,noise_score_cpba_only,10,0.14587845632067192,0.09384638490088065,0.1979105277404632,10,0.14267601936851992,0.07077977268005846,0.21457226605698138
Waterbirds,minority_high_40,0.1,noise_score_cpba_only,10,0.12972086951115896,0.0770791673790127,0.18236257164330522,10,0.15794392523364484,0.06846428958682706,0.24742356088046263
Waterbirds,minority_high_40,0.005,noise_score_cpba_tc_no_fallback,10,0.03579563586629913,-0.002818893767732228,0.07441016550033049,10,0.027347811371061858,-0.014241763161131012,0.06893738590325472
Waterbirds,minority_high_40,0.01,noise_score_cpba_tc_no_fallback,10,0.061185803786669955,0.018195370793390765,0.10417623677994914,10,0.05356224658253378,0.03114133438319608,0.07598315878187148
Waterbirds,minority_high_40,0.02,noise_score_cpba_tc_no_fallback,10,0.10062402000400628,0.05610522206968245,0.14514281793833012,10,0.10153525222592918,0.04317688093938023,0.15989362351247816
Waterbirds,minority_high_40,0.05,noise_score_cpba_tc_no_fallback,10,0.1322130813491652,0.09105611961804393,0.17337004308028647,10,0.1290106443970132,0.06703155365483676,0.19098973513918965
Waterbirds,minority_high_40,0.1,noise_score_cpba_tc_no_fallback,10,0.14498566701894705,0.10455093047185551,0.1854204035660386,10,0.17320872274143298,0.09805160596187179,0.24836583952099417
Waterbirds,minority_high_40,0.005,noise_score_cpba_tc_v8_fallback,10,0.03579563586629913,-0.002818893767732228,0.07441016550033049,10,0.027347811371061858,-0.014241763161131012,0.06893738590325472
Waterbirds,minority_high_40,0.01,noise_score_cpba_tc_v8_fallback,10,0.061185803786669955,0.018195370793390765,0.10417623677994914,10,0.05356224658253378,0.03114133438319608,0.07598315878187148
Waterbirds,minority_high_40,0.02,noise_score_cpba_tc_v8_fallback,10,0.10062402000400628,0.05610522206968245,0.14514281793833012,10,0.10153525222592918,0.04317688093938023,0.15989362351247816
Waterbirds,minority_high_40,0.05,noise_score_cpba_tc_v8_fallback,10,0.07685641461342393,0.005086535682477675,0.14862629354437018,10,0.07365397766127194,-0.011791591719740827,0.15909954704228468
Waterbirds,minority_high_40,0.1,noise_score_cpba_tc_v8_fallback,10,0.15547658025433264,0.1173059580619236,0.1936472024467417,10,0.18369963597681854,0.10170100507711502,0.2656982668765221
Waterbirds,minority_high_40,0.005,oracle_noise_group_balanced,10,0.051567717291446435,0.010193885615537614,0.09294154896735526,10,0.04311989279620916,0.0012260074814107735,0.08501377811100755
Waterbirds,minority_high_40,0.01,oracle_noise_group_balanced,10,0.09228464264251815,0.04621029024676551,0.1383589950382708,10,0.08466108543838197,0.05827140143671247,0.11105076944005146
Waterbirds,minority_high_40,0.02,oracle_noise_group_balanced,10,0.14881385084029256,0.11325108937970152,0.1843766123008836,10,0.14972508306221544,0.09486436886782934,0.20458579725660153
Waterbirds,minority_high_40,0.05,oracle_noise_group_balanced,10,0.22638933211762025,0.18243254707232237,0.2703461171629181,10,0.22318689516546825,0.16406554874552953,0.28230824158540696
Waterbirds,minority_high_40,0.1,oracle_noise_group_balanced,10,0.18735326826505305,0.14688907029865866,0.22781746623144744,10,0.21557632398753895,0.12929752887222812,0.3018551191028498
CelebA,uniform20,0.005,random,10,0.00094637223974762,-0.0009114629072587751,0.002804207386754015,10,-0.02013150549778658,-0.03155371053922021,-0.008709300456352953
CelebA,uniform20,0.01,random,10,-0.0015772870662460604,-0.006364356963971397,0.003209782831479276,10,-0.0391550155132349,-0.04777584289245512,-0.030534188134014678
CelebA,uniform20,0.02,random,10,-0.0016970440472017796,-0.00876346986396842,0.005369381769564862,10,-0.04282464202723574,-0.057079418486216435,-0.028569865568255044
CelebA,uniform20,0.05,random,10,-0.0038023652815100104,-0.013766712875608982,0.0061619823125889615,10,-0.06739202399034147,-0.07653549633011587,-0.05824855165056707
CelebA,uniform20,0.1,random,10,-0.00996774026041459,-0.021608695851311945,0.0016732153304827649,10,-0.06201821344653442,-0.08101241101678845,-0.043024015876280394
CelebA,uniform20,0.005,loss,10,0.0210778777375342,0.008986460214301053,0.03316929526076735,10,0.0,0.0,0.0
CelebA,uniform20,0.01,loss,10,0.03757772844698884,0.026028745353747468,0.04912671154023021,10,0.0,0.0,0.0
CelebA,uniform20,0.02,loss,10,0.04112759798003396,0.025223914111891683,0.057031281848176234,10,0.0,0.0,0.0
CelebA,uniform20,0.05,loss,10,0.06358965870883146,0.05108268016593637,0.07609663725172655,10,0.0,0.0,0.0
CelebA,uniform20,0.1,loss,10,0.05205047318611983,0.03433743607833217,0.06976351029390748,10,0.0,0.0,0.0
CelebA,uniform20,0.005,entropy,10,-0.0022082018927444603,-0.008415688813537816,0.0039992850280488965,10,-0.02328607963027866,-0.036020016249559125,-0.010552143010998197
CelebA,uniform20,0.01,entropy,10,0.0034700315457412796,-0.005331210833396609,0.012271273924879169,10,-0.03410769690124756,-0.04351634080280499,-0.024699052999690135
CelebA,uniform20,0.02,entropy,10,0.006309148264984149,-0.0035560650556329043,0.0161743615856012,10,-0.03481844971504981,-0.045792627240507366,-0.023844272189592258
CelebA,uniform20,0.05,entropy,10,0.013184951513027171,-0.00365098762418529,0.030020890650239634,10,-0.050404707195804296,-0.06316949368561443,-0.03763992070599416
CelebA,uniform20,0.1,entropy,10,0.0022951798626527006,-0.015814075538611787,0.02040443526391719,10,-0.04975529332346713,-0.06884657761243777,-0.030664009034496478
CelebA,uniform20,0.005,stratified_random,10,-0.00232795887370021,-0.009127014095851455,0.004471096348451034,10,-0.02340583661123441,-0.036943302346110235,-0.009868370876358586
CelebA,uniform20,0.01,stratified_random,10,0.0021913255702249597,-0.0004336232724701083,0.004816274412920028,10,-0.03538640287676388,-0.04664851276822894,-0.024124292985298824
CelebA,uniform20,0.02,stratified_random,10,0.0050236268515272495,0.0023646542602374023,0.007682599442817097,10,-0.03610397112850671,-0.05039479390084418,-0.021813148356169244
CelebA,uniform20,0.05,stratified_random,10,0.009779179810725468,0.0036266274828531397,0.015931732138597797,10,-0.053810478898105994,-0.0637564239879328,-0.04386453380827919
CelebA,uniform20,0.1,stratified_random,10,0.018567849307421638,0.013964603703306393,0.023171094911536884,10,-0.033482623878698194,-0.049784888409417534,-0.017180359347978853
CelebA,uniform20,0.005,forgetting,10,0.005993690851734979,-0.0026780191872915887,0.014665400890761546,10,-0.015084186885799216,-0.031039724587574334,0.0008713508159759031
CelebA,uniform20,0.01,forgetting,10,0.01671924290220815,0.008971058481460424,0.024467427322955877,10,-0.020858485544780692,-0.0334800062924869,-0.008236964797074484
CelebA,uniform20,0.02,forgetting,10,0.03123028391167188,0.02382564055344407,0.03863492726989969,10,-0.00989731406836208,-0.022272947292535858,0.0024783191558116983
CelebA,uniform20,0.05,forgetting,10,0.06542528332749147,0.04865707321894103,0.0821934934360419,10,0.0018356246186600014,-0.008523119788848874,0.012194369026168876
CelebA,uniform20,0.1,forgetting,10,0.073186119873817,0.0657547792857913,0.08061746046184269,10,0.021135646687697168,0.010232413927741827,0.032038879447652505
CelebA,uniform20,0.005,margin,10,0.0210778777375342,0.008986460214301053,0.03316929526076735,10,0.0,0.0,0.0
CelebA,uniform20,0.01,margin,10,0.03757772844698884,0.026028745353747468,0.04912671154023021,10,0.0,0.0,0.0
CelebA,uniform20,0.02,margin,10,0.04112759798003396,0.025223914111891683,0.057031281848176234,10,0.0,0.0,0.0
CelebA,uniform20,0.05,margin,10,0.06358965870883146,0.05108268016593637,0.07609663725172655,10,0.0,0.0,0.0
CelebA,uniform20,0.1,margin,10,0.05205047318611983,0.03433743607833217,0.06976351029390748,10,0.0,0.0,0.0
CelebA,uniform20,0.005,aum,10,0.01514195583596209,0.004461555762225051,0.025822355909699127,10,-0.00593592190157211,-0.011573075292896995,-0.0002987685102472243
CelebA,uniform20,0.01,aum,10,0.024643974503771128,0.015762127695480223,0.03352582131206203,10,-0.01293375394321771,-0.022355984543942088,-0.003511523342493333
CelebA,uniform20,0.02,aum,10,0.03405998883566355,0.01570976235120856,0.05241021532011854,10,-0.007067609144370411,-0.017021410114787063,0.0028861918260462407
CelebA,uniform20,0.05,aum,10,0.047318611987381645,0.028081887216402424,0.06655533675836087,10,-0.01627104672144983,-0.02887774436781472,-0.0036643490750849442
CelebA,uniform20,0.1,aum,10,0.041640378548895865,0.017224062483388997,0.06605669461440274,10,-0.01041009463722397,-0.02503676910764491,0.004216579833196971
CelebA,uniform20,0.005,confident_learning,10,0.0210778777375342,0.008986460214301053,0.03316929526076735,10,0.0,0.0,0.0
CelebA,uniform20,0.01,confident_learning,10,0.03757772844698884,0.026028745353747468,0.04912671154023021,10,0.0,0.0,0.0
CelebA,uniform20,0.02,confident_learning,10,0.04112759798003396,0.025223914111891683,0.057031281848176234,10,0.0,0.0,0.0
CelebA,uniform20,0.05,confident_learning,10,0.06358965870883146,0.05108268016593637,0.07609663725172655,10,0.0,0.0,0.0
CelebA,uniform20,0.1,confident_learning,10,0.05205047318611983,0.03433743607833217,0.06976351029390748,10,0.0,0.0,0.0
CelebA,uniform20,0.005,nn_agreement,10,-0.00473186119873816,-0.015952233434338686,0.006488511036862368,10,-0.025809738936272357,-0.03471228723113678,-0.016907190641407936
CelebA,uniform20,0.01,nn_agreement,10,0.0006309148264984496,-0.007456713305682299,0.008718542958679198,10,-0.03694681362049039,-0.04735508687433006,-0.026538540366650723
CelebA,uniform20,0.02,nn_agreement,10,-0.00788643533123027,-0.02118385171380078,0.0054109810513402416,10,-0.049014033311264235,-0.05940020611751656,-0.03862786050501191
CelebA,uniform20,0.05,nn_agreement,10,-0.008517350157728708,-0.026913594038192122,0.009878893722734705,10,-0.07210700886656018,-0.08502402753074367,-0.0591899902023767
CelebA,uniform20,0.1,nn_agreement,10,-0.0290220820189274,-0.04741063484011391,-0.010633529197740889,10,-0.08107255520504722,-0.10007400023070974,-0.0620711101793847
CelebA,uniform20,0.005,nn_label_spreading,10,-0.007255520504731811,-0.016409707643926266,0.001898666634462645,10,-0.028333398242266012,-0.035627568494095326,-0.021039227990436695
CelebA,uniform20,0.01,nn_label_spreading,10,-0.00315457413249208,-0.01878907894911134,0.012479930684127179,10,-0.04073230257948092,-0.05327895771596521,-0.028185647442996627
CelebA,uniform20,0.02,nn_label_spreading,10,-0.01671924290220814,-0.025811409089190433,-0.007627076715225849,10,-0.0578468408822421,-0.07048173310530742,-0.045211948659176784
CelebA,uniform20,0.05,nn_label_spreading,10,-0.03312302839116713,-0.044592772684039717,-0.021653284098294548,10,-0.09671268709999861,-0.10869861748395107,-0.08472675671604615
CelebA,uniform20,0.1,nn_label_spreading,10,-0.04668769716088324,-0.06476592475046386,-0.02860946957130262,10,-0.09873817034700307,-0.11872644751450082,-0.07874989317950531
CelebA,uniform20,0.005,coreset,10,0.0,0.0,0.0,10,-0.0210778777375342,-0.03316929526076735,-0.008986460214301053
CelebA,uniform20,0.01,coreset,10,0.0,0.0,0.0,10,-0.03757772844698884,-0.04912671154023021,-0.026028745353747468
CelebA,uniform20,0.02,coreset,10,0.0,0.0,0.0,10,-0.04112759798003396,-0.057031281848176234,-0.025223914111891683
CelebA,uniform20,0.05,coreset,10,0.0,0.0,0.0,10,-0.06358965870883146,-0.07609663725172655,-0.05108268016593637
CelebA,uniform20,0.1,coreset,10,0.0,0.0,0.0,10,-0.05205047318611983,-0.06976351029390748,-0.03433743607833217
CelebA,uniform20,0.005,uncertainty_diversity,10,-0.00536277602523655,-0.012963502924852058,0.002237950874378958,10,-0.02644065376277075,-0.03480600164282588,-0.01807530588271562
CelebA,uniform20,0.01,uncertainty_diversity,10,-5.004677228193089e-17,-0.006728019642329565,0.006728019642329465,10,-0.03757772844698889,-0.05081075183698825,-0.024344705056989525
CelebA,uniform20,0.02,uncertainty_diversity,10,0.007570977917981029,-0.0014681358768092335,0.016610091712771294,10,-0.03355662006205293,-0.044235500243782755,-0.0228777398803231
CelebA,uniform20,0.05,uncertainty_diversity,10,0.013184951513027171,-0.00365098762418529,0.030020890650239634,10,-0.050404707195804296,-0.06316949368561443,-0.03763992070599416
CelebA,uniform20,0.1,uncertainty_diversity,10,0.0022951798626527006,-0.015814075538611787,0.02040443526391719,10,-0.04975529332346713,-0.06884657761243777,-0.030664009034496478
CelebA,uniform20,0.005,badge_lite,10,0.01438446859056736,0.00954252717298588,0.019226410008148842,10,-0.0066934091469668415,-0.017336868132849795,0.003950049838916112
CelebA,uniform20,0.01,badge_lite,10,0.03104918798925102,0.02089483816092861,0.04120353781757343,10,-0.006528540457737819,-0.013376243719724066,0.00031916280424842784
CelebA,uniform20,0.02,badge_lite,10,0.03903168854097695,0.02399190795930959,0.054071469122644315,10,-0.00209590943905701,-0.006122527851220843,0.0019307089731068236
CelebA,uniform20,0.05,badge_lite,10,0.06358965870883146,0.05108268016593637,0.07609663725172655,10,0.0,0.0,0.0
CelebA,uniform20,0.1,badge_lite,10,0.05205047318611983,0.03433743607833217,0.06976351029390748,10,0.0,0.0,0.0
CelebA,uniform20,0.005,tracin_val_uncertainty,10,0.0022082018927444503,-0.003719523239947905,0.008135927025436807,10,-0.018869675844789748,-0.03177617722530623,-0.005963174464273267
CelebA,uniform20,0.01,tracin_val_uncertainty,10,0.0017798029364801099,-0.008795743049203802,0.01235534892216402,10,-0.035797925510508734,-0.04854443050851685,-0.023051420512500618
CelebA,uniform20,0.02,tracin_val_uncertainty,10,-0.0069400630914826416,-0.024924148949751996,0.011044022766786715,10,-0.048067661071516596,-0.07095935408547135,-0.02517596805756183
CelebA,uniform20,0.05,tracin_val_uncertainty,10,-0.00378548895899057,-0.020997914562985494,0.013426936645004352,10,-0.06737514766782204,-0.08495101828040781,-0.04979927705523628
CelebA,uniform20,0.1,tracin_val_uncertainty,10,-0.049211356466876924,-0.07405041772998051,-0.02437229520377333,10,-0.10126182965299675,-0.12546049706814247,-0.07706316223785104
CelebA,uniform20,0.005,tracin_noise_weighted,10,0.00773941659851225,-0.0015740113224245048,0.017052844519449006,10,-0.013338461139021948,-0.027737586074051163,0.0010606637960072687
CelebA,uniform20,0.01,tracin_noise_weighted,10,0.0083839623008918,-0.000606598273553683,0.01737452287533728,10,-0.02919376614609704,-0.03856767990228988,-0.019819852389904198
CelebA,uniform20,0.02,tracin_noise_weighted,10,0.0173501577287066,0.004978557101060287,0.029721758356352913,10,-0.023777440251327362,-0.03851221210295246,-0.009042668399702263
CelebA,uniform20,0.05,tracin_noise_weighted,10,0.01451104100946371,0.000838089407476917,0.028183992611450503,10,-0.04907861769936776,-0.06308794099829326,-0.03506929440044226
CelebA,uniform20,0.1,tracin_noise_weighted,10,-0.00946372239747635,-0.030606196283880394,0.011678751488927693,10,-0.061514195583596186,-0.08365668984195365,-0.03937170132523872
CelebA,uniform20,0.005,noise_score,10,0.02018927444794948,0.01159951398904595,0.02877903490685301,10,-0.0008886032895847211,-0.014060029528906549,0.012282822949737107
CelebA,uniform20,0.01,noise_score,10,0.05173501577287063,0.03612949060084453,0.06734054094489673,10,0.01415728732588179,0.0024154118767771363,0.025899162774986443
CelebA,uniform20,0.02,noise_score,10,0.061829652996845376,0.045205861434216524,0.07845344455947423,10,0.02070205501681141,0.009512567887348371,0.031891542146274446
CelebA,uniform20,0.05,noise_score,10,0.06624605678233435,0.045673273264399704,0.08681884030026898,10,0.002656398073502881,-0.010432350464744979,0.01574514661175074
CelebA,uniform20,0.1,noise_score,10,0.07728706624605672,0.06238446476983696,0.09218966772227648,10,0.025236593059936897,0.007152106779640975,0.04332107934023282
CelebA,uniform20,0.005,noise_score_budget_hybrid_v8,10,0.02018927444794948,0.01159951398904595,0.02877903490685301,10,-0.0008886032895847211,-0.014060029528906549,0.012282822949737107
CelebA,uniform20,0.01,noise_score_budget_hybrid_v8,10,0.05173501577287063,0.03612949060084453,0.06734054094489673,10,0.01415728732588179,0.0024154118767771363,0.025899162774986443
CelebA,uniform20,0.02,noise_score_budget_hybrid_v8,10,0.061829652996845376,0.045205861434216524,0.07845344455947423,10,0.02070205501681141,0.009512567887348371,0.031891542146274446
CelebA,uniform20,0.05,noise_score_budget_hybrid_v8,10,0.05672521452402274,0.04158469633245442,0.07186573271559106,10,-0.00686444418480873,-0.017831547183976733,0.004102658814359271
CelebA,uniform20,0.1,noise_score_budget_hybrid_v8,10,0.06967259934312157,0.05477202482405817,0.08457317386218498,10,0.01762212615700174,0.0025461552697401794,0.0326980970442633
CelebA,uniform20,0.005,noise_score_cpba_only,10,0.02018927444794948,0.01159951398904595,0.02877903490685301,10,-0.0008886032895847211,-0.014060029528906549,0.012282822949737107
CelebA,uniform20,0.01,noise_score_cpba_only,10,0.039116719242902165,0.028051223245343634,0.050182215240460695,10,0.0015389907959133316,-0.009847083250658976,0.01292506484248564
CelebA,uniform20,0.02,noise_score_cpba_only,10,0.06656151419558357,0.051689318466879755,0.08143370992428738,10,0.02543391621554959,0.01317175132780028,0.0376960811032989
CelebA,uniform20,0.05,noise_score_cpba_only,10,0.0764893354623463,0.06293308161201257,0.09004558931268004,10,0.01289967675351483,0.003788361322861325,0.022010992184168333
CelebA,uniform20,0.1,noise_score_cpba_only,10,0.08611987381703468,0.07184560675373296,0.1003941408803364,10,0.03406940063091484,0.02024827304095476,0.04789052822087492
CelebA,uniform20,0.005,noise_score_cpba_tc_no_fallback,10,0.02018927444794948,0.01159951398904595,0.02877903490685301,10,-0.0008886032895847211,-0.014060029528906549,0.012282822949737107
CelebA,uniform20,0.01,noise_score_cpba_tc_no_fallback,10,0.039116719242902165,0.028051223245343634,0.050182215240460695,10,0.0015389907959133316,-0.009847083250658976,0.01292506484248564
CelebA,uniform20,0.02,noise_score_cpba_tc_no_fallback,10,0.06656151419558357,0.051689318466879755,0.08143370992428738,10,0.02543391621554959,0.01317175132780028,0.0376960811032989
CelebA,uniform20,0.05,noise_score_cpba_tc_no_fallback,10,0.0652996845425867,0.0496995990471932,0.0808997700379802,10,0.0017100258337552402,-0.009701098029824535,0.013121149697335016
CelebA,uniform20,0.1,noise_score_cpba_tc_no_fallback,10,0.07570977917981071,0.060816672831331735,0.09060288552828968,10,0.02365930599369087,0.008718784350631791,0.03859982763674995
CelebA,uniform20,0.005,noise_score_cpba_tc_v8_fallback,10,0.02018927444794948,0.01159951398904595,0.02877903490685301,10,-0.0008886032895847211,-0.014060029528906549,0.012282822949737107
CelebA,uniform20,0.01,noise_score_cpba_tc_v8_fallback,10,0.039116719242902165,0.028051223245343634,0.050182215240460695,10,0.0015389907959133316,-0.009847083250658976,0.01292506484248564
CelebA,uniform20,0.02,noise_score_cpba_tc_v8_fallback,10,0.06656151419558357,0.051689318466879755,0.08143370992428738,10,0.02543391621554959,0.01317175132780028,0.0376960811032989
CelebA,uniform20,0.05,noise_score_cpba_tc_v8_fallback,10,0.0652996845425867,0.0496995990471932,0.0808997700379802,10,0.0017100258337552402,-0.009701098029824535,0.013121149697335016
CelebA,uniform20,0.1,noise_score_cpba_tc_v8_fallback,10,0.07570977917981071,0.060816672831331735,0.09060288552828968,10,0.02365930599369087,0.008718784350631791,0.03859982763674995
CelebA,uniform20,0.005,oracle_noise_group_balanced,10,0.03099661175370953,0.020405022464814373,0.04158820104260469,10,0.00991873401617533,0.0024456102987903466,0.017391857733560313
CelebA,uniform20,0.01,oracle_noise_group_balanced,10,0.05750379717256685,0.04595228192314259,0.06905531242199112,10,0.019926068725578013,0.015357174113382041,0.024494963337773984
CelebA,uniform20,0.02,oracle_noise_group_balanced,10,0.08458153211044901,0.07005054239393335,0.09911252182696467,10,0.04345393413041505,0.03586830426517166,0.05103956399565845
CelebA,uniform20,0.05,oracle_noise_group_balanced,10,0.11377400007789067,0.09735178166359897,0.13019621849218238,10,0.05018434136905918,0.042190277753751775,0.058178404984366584
CelebA,uniform20,0.1,oracle_noise_group_balanced,10,0.11452856642131089,0.09898605072322225,0.13007108211939952,10,0.062478093235191046,0.05445550144730112,0.07050068502308096
CelebA,minority_high_40,0.005,random,10,0.0025236593059936897,-0.0018365957655795233,0.006883914377566903,10,-0.01671924290220814,-0.03026121057518873,-0.0031772752292275504
CelebA,minority_high_40,0.01,random,10,0.004416403785488911,-0.0012327293388796606,0.010065536909857483,10,-0.01766561514195583,-0.038517049504949497,0.003185819221037837
CelebA,minority_high_40,0.02,random,10,-0.0025236593059937305,-0.018893637619382803,0.01384631900739534,10,-0.02271293375394322,-0.041884838621678376,-0.003541028886208067
CelebA,minority_high_40,0.05,random,10,0.002523659305993659,-0.01220901392851505,0.017256332540502368,10,-0.021451104100946382,-0.04303850844529631,0.00013630024340354624
CelebA,minority_high_40,0.1,random,10,0.014195583596214442,-8.660921287470709e-05,0.028477776405303593,10,-0.02870662460567825,-0.04972697584661359,-0.00768627336474291
CelebA,minority_high_40,0.005,loss,10,0.01924290220820183,0.007471270943523348,0.03101453347288031,10,0.0,0.0,0.0
CelebA,minority_high_40,0.01,loss,10,0.02208201892744474,0.0026987823310233063,0.04146525552386618,10,0.0,0.0,0.0
CelebA,minority_high_40,0.02,loss,10,0.020189274447949494,0.00025343586161244436,0.04012511303428654,10,0.0,0.0,0.0
CelebA,minority_high_40,0.05,loss,10,0.02397476340694004,0.004181345836898241,0.04376818097698184,10,0.0,0.0,0.0
CelebA,minority_high_40,0.1,loss,10,0.042902208201892694,0.02351313416019617,0.06229128224358922,10,0.0,0.0,0.0
CelebA,minority_high_40,0.005,entropy,10,0.014826498422712853,0.009293750423933584,0.020359246421492123,10,-0.0044164037854889805,-0.01853723321562009,0.00970442564464213
CelebA,minority_high_40,0.01,entropy,10,0.022082018927444706,0.016554386739282088,0.027609651115607325,10,-3.053113317719181e-17,-0.01929546299858556,0.0192954629985855
CelebA,minority_high_40,0.02,entropy,10,0.037539432176656104,0.02493224714708013,0.05014661720623208,10,0.01735015772870661,-0.0006166153049623965,0.03531693076237562
CelebA,minority_high_40,0.05,entropy,10,0.060567823343848526,0.046422972071407734,0.07471267461628932,10,0.03659305993690849,0.02184503216646118,0.051341087707355806
CelebA,minority_high_40,0.1,entropy,10,0.07185646038607829,0.05337066894171176,0.09034225183044482,10,0.028954252184185604,0.0072365808989609155,0.050671923469410296
CelebA,minority_high_40,0.005,stratified_random,10,0.0009463722397475999,-0.0014442059013787052,0.003336950380873905,10,-0.018296529968454232,-0.03157478426478377,-0.005018275672124694
CelebA,minority_high_40,0.01,stratified_random,10,0.0022082018927444295,-0.0006163646694398342,0.005032768454928694,10,-0.019873817034700307,-0.03960567752111942,-0.00014195654828119686
CelebA,minority_high_40,0.02,stratified_random,10,0.00347003154574127,3.1164381927996365e-05,0.006908898709554544,10,-0.016719242902208224,-0.037701874948772966,0.004263389144356519
CelebA,minority_high_40,0.05,stratified_random,10,0.0107255520504731,0.007871095062644575,0.013580009038301626,10,-0.013249211356466941,-0.032916445320301475,0.006418022607367594
CelebA,minority_high_40,0.1,stratified_random,10,0.025236593059936842,0.0183424244572008,0.03213076166267288,10,-0.017665615141955852,-0.040312173231979095,0.004980942948067391
CelebA,minority_high_40,0.005,forgetting,10,0.02176656151419551,0.016726156583773234,0.026806966444617785,10,0.0025236593059936793,-0.0061055340784401495,0.011152852690427508
CelebA,minority_high_40,0.01,forgetting,10,0.031861198738170275,0.02338749905161735,0.0403348984247232,10,0.009779179810725541,-0.003312395062243184,0.022870754683694268
CelebA,minority_high_40,0.02,forgetting,10,0.06309148264984221,0.05419114925506135,0.07199181604462307,10,0.04290220820189272,0.02679706607888154,0.0590073503249039
CelebA,minority_high_40,0.05,forgetting,10,0.06750788643533116,0.0489844374537997,0.08603133541686263,10,0.04353312302839113,0.02726717020177315,0.05979907585500911
CelebA,minority_high_40,0.1,forgetting,10,0.06750788643533119,0.052493695928623525,0.08252207694203885,10,0.0246056782334385,0.007327631249232185,0.041883725217644815
CelebA,minority_high_40,0.005,margin,10,0.01924290220820183,0.007471270943523348,0.03101453347288031,10,0.0,0.0,0.0
CelebA,minority_high_40,0.01,margin,10,0.02208201892744474,0.0026987823310233063,0.04146525552386618,10,0.0,0.0,0.0
CelebA,minority_high_40,0.02,margin,10,0.020189274447949494,0.00025343586161244436,0.04012511303428654,10,0.0,0.0,0.0
CelebA,minority_high_40,0.05,margin,10,0.02397476340694004,0.004181345836898241,0.04376818097698184,10,0.0,0.0,0.0
CelebA,minority_high_40,0.1,margin,10,0.042902208201892694,0.02351313416019617,0.06229128224358922,10,0.0,0.0,0.0
CelebA,minority_high_40,0.005,aum,10,0.014195583596214468,0.0006870839204584506,0.027704083271970485,10,-0.00504731861198736,-0.018385097881744368,0.008290460657769649
CelebA,minority_high_40,0.01,aum,10,0.016403785488958968,0.001329417624799191,0.031478153353118744,10,-0.005678233438485771,-0.018165916386878825,0.006809449509907283
CelebA,minority_high_40,0.02,aum,10,0.006940063091482651,-0.015419849979840694,0.029299976162805996,10,-0.013249211356466842,-0.0333433631152136,0.006844940402279922
CelebA,minority_high_40,0.05,aum,10,0.012933753943217649,-0.010310799319025538,0.036178307205460836,10,-0.01104100946372239,-0.02226138169932291,0.00017936277187813147
CelebA,minority_high_40,0.1,aum,10,0.01388012618296528,-0.003670851559970585,0.03143110392590114,10,-0.02902208201892741,-0.03751912068251947,-0.02052504335533535
CelebA,minority_high_40,0.005,confident_learning,10,0.01924290220820183,0.007471270943523348,0.03101453347288031,10,0.0,0.0,0.0
CelebA,minority_high_40,0.01,confident_learning,10,0.02208201892744474,0.0026987823310233063,0.04146525552386618,10,0.0,0.0,0.0
CelebA,minority_high_40,0.02,confident_learning,10,0.020189274447949494,0.00025343586161244436,0.04012511303428654,10,0.0,0.0,0.0
CelebA,minority_high_40,0.05,confident_learning,10,0.02397476340694004,0.004181345836898241,0.04376818097698184,10,0.0,0.0,0.0
CelebA,minority_high_40,0.1,confident_learning,10,0.042902208201892694,0.02351313416019617,0.06229128224358922,10,0.0,0.0,0.0
CelebA,minority_high_40,0.005,nn_agreement,10,-0.00441640378548896,-0.024352242371826018,0.0155194348008481,10,-0.023659305993690795,-0.04190731517586132,-0.005411296811520271
CelebA,minority_high_40,0.01,nn_agreement,10,-0.01482649842271291,-0.03498390801251007,0.005330911167084246,10,-0.03690851735015765,-0.04885193666705502,-0.02496509803326027
CelebA,minority_high_40,0.02,nn_agreement,10,0.0012618296529968403,-0.014307395108918866,0.016831054414912547,10,-0.018927444794952654,-0.03146938295732669,-0.006385506632578619
CelebA,minority_high_40,0.05,nn_agreement,10,-0.0233438485804416,-0.042438864425355036,-0.004248832735528164,10,-0.047318611987381645,-0.06607881136242498,-0.028558412612338314
CelebA,minority_high_40,0.1,nn_agreement,10,-0.052050473186119814,-0.07359721213206102,-0.030503734240178607,10,-0.09495268138801251,-0.12260005351419742,-0.0673053092618276
CelebA,minority_high_40,0.005,nn_label_spreading,10,0.00031545741324919013,-0.010556593492313585,0.011187508318811965,10,-0.01892744479495264,-0.034884344454037236,-0.002970545135868044
CelebA,minority_high_40,0.01,nn_label_spreading,10,0.0006309148264984001,-0.012125736876269166,0.013387566529265968,10,-0.02145110410094634,-0.038163158195453156,-0.004739050006439521
CelebA,minority_high_40,0.02,nn_label_spreading,10,-0.01167192429022082,-0.02517204400259236,0.0018281954221507218,10,-0.03186119873817032,-0.04508180013438576,-0.01864059734195488
CelebA,minority_high_40,0.05,nn_label_spreading,10,-0.02176656151419556,-0.039989747683096655,-0.0035433753452944715,10,-0.0457413249211356,-0.06174248790979697,-0.029740161932474224
CelebA,minority_high_40,0.1,nn_label_spreading,10,-0.03249211356466876,-0.05791321262432747,-0.007071014505010045,10,-0.07539432176656145,-0.10244167201498239,-0.048346971518140526
CelebA,minority_high_40,0.005,coreset,10,0.0,0.0,0.0,10,-0.01924290220820183,-0.03101453347288031,-0.007471270943523348
CelebA,minority_high_40,0.01,coreset,10,0.0,0.0,0.0,10,-0.02208201892744474,-0.04146525552386618,-0.0026987823310233063
CelebA,minority_high_40,0.02,coreset,10,0.0,0.0,0.0,10,-0.020189274447949494,-0.04012511303428654,-0.00025343586161244436
CelebA,minority_high_40,0.05,coreset,10,0.0,0.0,0.0,10,-0.02397476340694004,-0.04376818097698184,-0.004181345836898241
CelebA,minority_high_40,0.1,coreset,10,0.0,0.0,0.0,10,-0.042902208201892694,-0.06229128224358922,-0.02351313416019617
CelebA,minority_high_40,0.005,uncertainty_diversity,10,0.00788643533123023,0.0023332712188044603,0.013439599443655999,10,-0.011356466876971599,-0.025356568847021244,0.002643635093078047
CelebA,minority_high_40,0.01,uncertainty_diversity,10,0.01608832807570968,0.011773731383492754,0.020402924767926607,10,-0.005993690851735061,-0.022895957256899985,0.010908575553429865
CelebA,minority_high_40,0.02,uncertainty_diversity,10,0.03217665615141953,0.00979145191369082,0.05456186038914823,10,0.011987381703470041,-0.007506467442916387,0.03148123084985647
CelebA,minority_high_40,0.05,uncertainty_diversity,10,0.060567823343848526,0.046422972071407734,0.07471267461628932,10,0.03659305993690849,0.02184503216646118,0.051341087707355806
CelebA,minority_high_40,0.1,uncertainty_diversity,10,0.07185646038607829,0.05337066894171176,0.09034225183044482,10,0.028954252184185604,0.0072365808989609155,0.050671923469410296
CelebA,minority_high_40,0.005,badge_lite,10,0.01451104100946369,0.0016483765279429012,0.02737370549098448,10,-0.00473186119873814,-0.014668510740756438,0.005204788343280157
CelebA,minority_high_40,0.01,badge_lite,10,0.01861198738170341,0.0062312429238157215,0.030992731839591094,10,-0.003470031545741329,-0.021537301209638583,0.014597238118155925
CelebA,minority_high_40,0.02,badge_lite,10,0.017665615141955825,-0.0023269077742712058,0.037658138058182855,10,-0.0025236593059936715,-0.007713400893298905,0.002666082281311562
CelebA,minority_high_40,0.05,badge_lite,10,0.02397476340694004,0.004181345836898241,0.04376818097698184,10,0.0,0.0,0.0
CelebA,minority_high_40,0.1,badge_lite,10,0.042902208201892694,0.02351313416019617,0.06229128224358922,10,0.0,0.0,0.0
CelebA,minority_high_40,0.005,tracin_val_uncertainty,10,-0.00315457413249208,-0.014611978729169266,0.008302830464185106,10,-0.02239747634069391,-0.03337312225829376,-0.01142183042309406
CelebA,minority_high_40,0.01,tracin_val_uncertainty,10,-0.006624605678233421,-0.023051517217640816,0.009802305861173971,10,-0.02870662460567816,-0.041969955917430274,-0.015443293293926047
CelebA,minority_high_40,0.02,tracin_val_uncertainty,10,-0.017981072555205042,-0.03808226279248871,0.0021201176820786274,10,-0.03817034700315453,-0.054107731851863725,-0.02223296215444534
CelebA,minority_high_40,0.05,tracin_val_uncertainty,10,-0.04100946372239743,-0.061361028085224395,-0.02065789935957046,10,-0.06498422712933746,-0.09276940060163467,-0.03719905365704025
CelebA,minority_high_40,0.1,tracin_val_uncertainty,10,-0.08548895899053628,-0.10623838318050835,-0.06473953480056421,10,-0.12839116719242896,-0.15208416324240717,-0.10469817114245075
CelebA,minority_high_40,0.005,tracin_noise_weighted,10,-0.001892744479495271,-0.02185694534875559,0.018071456389765046,10,-0.0211356466876971,-0.035528341668746605,-0.006742951706647597
CelebA,minority_high_40,0.01,tracin_noise_weighted,10,0.004100946372239761,-0.016473212285799822,0.024675105030279344,10,-0.01798107255520498,-0.030389208074134907,-0.0055729370362750524
CelebA,minority_high_40,0.02,tracin_noise_weighted,10,0.0025236593059936702,-0.016139775016948316,0.021187093628935654,10,-0.01766561514195582,-0.03048421418227566,-0.0048470161016359835
CelebA,minority_high_40,0.05,tracin_noise_weighted,10,-0.0173501577287066,-0.03292119952100277,-0.001779115936410433,10,-0.04132492113564665,-0.06282433922150885,-0.01982550304978445
CelebA,minority_high_40,0.1,tracin_noise_weighted,10,-0.07854889589905359,-0.10508941975364645,-0.052008372044460724,10,-0.12145110410094628,-0.13973009464529174,-0.10317211355660083
CelebA,minority_high_40,0.005,noise_score,10,0.05141955835962144,0.03368098433158827,0.06915813238765461,10,0.03217665615141961,0.012682807005033193,0.05167050529780603
CelebA,minority_high_40,0.01,noise_score,10,0.0932903636198413,0.07914017230846365,0.10744055493121896,10,0.07120834469239655,0.060021518237579764,0.08239517114721334
CelebA,minority_high_40,0.02,noise_score,10,0.10732854305409505,0.09510537216230368,0.11955171394588641,10,0.08713926860614556,0.07386819571093553,0.10041034150135558
CelebA,minority_high_40,0.05,noise_score,10,0.11465027067024955,0.102898039638014,0.1264025017024851,10,0.09067550726330954,0.07579468647353392,0.10555632805308517
CelebA,minority_high_40,0.1,noise_score,10,0.11897320559255357,0.10726650033689869,0.13067991084820846,10,0.0760709973906609,0.05673700148563199,0.0954049932956898
CelebA,minority_high_40,0.005,noise_score_budget_hybrid_v8,10,0.05141955835962144,0.03368098433158827,0.06915813238765461,10,0.03217665615141961,0.012682807005033193,0.05167050529780603
CelebA,minority_high_40,0.01,noise_score_budget_hybrid_v8,10,0.0932903636198413,0.07914017230846365,0.10744055493121896,10,0.07120834469239655,0.060021518237579764,0.08239517114721334
CelebA,minority_high_40,0.02,noise_score_budget_hybrid_v8,10,0.10732854305409505,0.09510537216230368,0.11955171394588641,10,0.08713926860614556,0.07386819571093553,0.10041034150135558
CelebA,minority_high_40,0.05,noise_score_budget_hybrid_v8,10,0.11465027067024955,0.102898039638014,0.1264025017024851,10,0.09067550726330954,0.07579468647353392,0.10555632805308517
CelebA,minority_high_40,0.1,noise_score_budget_hybrid_v8,10,0.11897320559255357,0.10726650033689869,0.13067991084820846,10,0.0760709973906609,0.05673700148563199,0.0954049932956898
CelebA,minority_high_40,0.005,noise_score_cpba_only,10,0.05141955835962144,0.03368098433158827,0.06915813238765461,10,0.03217665615141961,0.012682807005033193,0.05167050529780603
CelebA,minority_high_40,0.01,noise_score_cpba_only,10,0.0932903636198413,0.07926064710362048,0.10732008013606213,10,0.07120834469239656,0.060645901242232354,0.08177078814256077
CelebA,minority_high_40,0.02,noise_score_cpba_only,10,0.10701308564084584,0.09700566466685785,0.11702050661483383,10,0.08682381119289635,0.07272284390339112,0.10092477848240158
CelebA,minority_high_40,0.05,noise_score_cpba_only,10,0.12712933753943212,0.1140118558306909,0.14024681924817334,10,0.1031545741324921,0.08792151451248492,0.11838763375249928
CelebA,minority_high_40,0.1,noise_score_cpba_only,10,0.13343848580441636,0.11621784385282277,0.15065912775600995,10,0.09053627760252368,0.06868186151663212,0.11239069368841524
CelebA,minority_high_40,0.005,noise_score_cpba_tc_no_fallback,9,0.04872064493515596,0.029739121368090454,0.06770216850222147,9,0.032246757798808326,0.010030262738554608,0.05446325285906205
CelebA,minority_high_40,0.01,noise_score_cpba_tc_no_fallback,9,0.09173867952152014,0.07625748916146712,0.10721986988157316,9,0.07211021825268037,0.060298848256152726,0.083921588249208
CelebA,minority_high_40,0.02,noise_score_cpba_tc_no_fallback,9,0.10663564019680384,0.09527172591755262,0.11799955447605506,9,0.08911022834962545,0.07415943786418186,0.10406101883506905
CelebA,minority_high_40,0.05,noise_score_cpba_tc_no_fallback,9,0.10897488601270192,0.09759064015530362,0.12035913187010021,9,0.09039794945469282,0.0722977668165386,0.10849813209284703
CelebA,minority_high_40,0.1,noise_score_cpba_tc_no_fallback,9,0.12443042411496667,0.1071515114261057,0.14170933680382763,9,0.0837714686295128,0.059886338746057755,0.10765659851296785
CelebA,minority_high_40,0.005,noise_score_cpba_tc_v8_fallback,9,0.04872064493515596,0.029739121368090454,0.06770216850222147,9,0.032246757798808326,0.010030262738554608,0.05446325285906205
CelebA,minority_high_40,0.01,noise_score_cpba_tc_v8_fallback,9,0.09173867952152014,0.07625748916146712,0.10721986988157316,9,0.07211021825268037,0.060298848256152726,0.083921588249208
CelebA,minority_high_40,0.02,noise_score_cpba_tc_v8_fallback,9,0.10663564019680384,0.09527172591755262,0.11799955447605506,9,0.08911022834962545,0.07415943786418186,0.10406101883506905
CelebA,minority_high_40,0.05,noise_score_cpba_tc_v8_fallback,9,0.10897488601270192,0.09759064015530362,0.12035913187010021,9,0.09039794945469282,0.0722977668165386,0.10849813209284703
CelebA,minority_high_40,0.1,noise_score_cpba_tc_v8_fallback,9,0.12443042411496667,0.1071515114261057,0.14170933680382763,9,0.0837714686295128,0.059886338746057755,0.10765659851296785
CelebA,minority_high_40,0.005,oracle_noise_group_balanced,10,0.05772870662460563,0.04162883537135528,0.07382857787785597,10,0.0384858044164038,0.02442118550567281,0.05255042332713479
CelebA,minority_high_40,0.01,oracle_noise_group_balanced,10,0.0930599369085173,0.07808159109950336,0.10803828271753124,10,0.07097791798107257,0.060760516884935695,0.08119531907720945
CelebA,minority_high_40,0.02,oracle_noise_group_balanced,10,0.13898462956472066,0.1235146771064813,0.15445458202296,10,0.11879535511677117,0.10142186729882358,0.13616884293471876
CelebA,minority_high_40,0.05,oracle_noise_group_balanced,10,0.15006653165608647,0.133193835956239,0.16693922735593394,10,0.12609176824914642,0.11145439349992273,0.1407291429983701
CelebA,minority_high_40,0.1,oracle_noise_group_balanced,10,0.14037854889589899,0.12513806213765433,0.15561903565414364,10,0.0974763406940063,0.07813840404525979,0.11681427734275282
CivilComments,uniform20,0.005,random,10,0.00016073646525899,-9.028272642808616e-05,0.00041175565694606615,10,-0.032909686061918075,-0.03405699879586716,-0.03176237332796899
CivilComments,uniform20,0.01,random,10,0.0003340032825148688,-0.00021958999349225148,0.0008875965585219891,10,-0.056101656330948456,-0.056944546020049676,-0.055258766641847236
CivilComments,uniform20,0.02,random,10,0.00072053802175117,-0.00010973429302956383,0.001550810336531904,10,-0.09284524506654226,-0.09455505484333662,-0.09113543528974791
CivilComments,uniform20,0.05,random,10,0.00106194733173617,3.487109720563017e-05,0.0020890235662667095,10,-0.1503105136260685,-0.15247699807940146,-0.14814402917273556
CivilComments,uniform20,0.1,random,10,0.0024135948805050398,0.0010246687279594313,0.0038025210330506483,10,-0.15659384817710237,-0.15926252019933843,-0.1539251761548663
CivilComments,uniform20,0.005,loss,10,0.03307042252717707,0.032076715952881904,0.03406412910147223,10,0.0,0.0,0.0
CivilComments,uniform20,0.01,loss,10,0.05643565961346333,0.05545605388181254,0.05741526534511412,10,0.0,0.0,0.0
CivilComments,uniform20,0.02,loss,10,0.09356578308829346,0.0919092171813418,0.0952223489952451,10,0.0,0.0,0.0
CivilComments,uniform20,0.05,loss,10,0.15137246095780468,0.14936205593830965,0.15338286597729972,10,0.0,0.0,0.0
CivilComments,uniform20,0.1,loss,10,0.15900744305760742,0.15626375670021933,0.1617511294149955,10,0.0,0.0,0.0
CivilComments,uniform20,0.005,entropy,10,0.0039478975034319,0.003226398127524384,0.0046693968793394165,10,-0.029122525023745172,-0.029940868032639907,-0.028304182014850437
CivilComments,uniform20,0.01,entropy,10,0.007191851620477259,0.0060767490226296085,0.00830695421832491,10,-0.04924380799298607,-0.05030353527277369,-0.04818408071319845
CivilComments,uniform20,0.02,entropy,10,0.01297105816683512,0.011224108889701859,0.01471800744396838,10,-0.08059472492145833,-0.08276518450191847,-0.0784242653409982
CivilComments,uniform20,0.05,entropy,10,0.018439872302593315,0.016130236370333333,0.020749508234853296,10,-0.13293258865521138,-0.1352860009663734,-0.13057917634404936
CivilComments,uniform20,0.1,entropy,10,6.998648423754e-05,-0.002982761570673882,0.003122734539148962,10,-0.15893745657336986,-0.16192548566943102,-0.1559494274773087
CivilComments,uniform20,0.005,stratified_random,10,0.00086074391406835,0.0005583479132719731,0.0011631399148647268,10,-0.032209678613108715,-0.033001749581082054,-0.031417607645135376
CivilComments,uniform20,0.01,stratified_random,10,0.00198451113492422,0.0017412022246346155,0.002227820045213824,10,-0.0544511484785391,-0.055320338682672415,-0.05358195827440579
CivilComments,uniform20,0.02,stratified_random,10,0.004145164983522491,0.00353960155031457,0.0047507284167304115,10,-0.08942061810477095,-0.09086114995846391,-0.08798008625107799
CivilComments,uniform20,0.05,stratified_random,10,0.010552704984983733,0.00988292876163795,0.011222481208329516,10,-0.14081975597282098,-0.14251911035236872,-0.13912040159327324
CivilComments,uniform20,0.1,stratified_random,10,0.021044412444616974,0.01996003109423764,0.022128793794996306,10,-0.13796303061299042,-0.14069420691147286,-0.135231854314508
CivilComments,uniform20,0.005,forgetting,10,0.028197185148642667,0.025597595018720425,0.03079677527856491,10,-0.0048732373785344,-0.007209325943561674,-0.0025371488135071253
CivilComments,uniform20,0.01,forgetting,10,0.046119301025021736,0.04178435998305832,0.05045424206698515,10,-0.010316358588441588,-0.01406555458775117,-0.006567162589132007
CivilComments,uniform20,0.02,forgetting,10,0.09567727574555948,0.09234051264972115,0.09901403884139781,10,0.0021114926572660246,-0.00030385756535951467,0.004526842879891564
CivilComments,uniform20,0.05,forgetting,10,0.1654661264798329,0.1626019058603837,0.16833034709928207,10,0.01409366552202819,0.012416016761451515,0.015771314282604865
CivilComments,uniform20,0.1,forgetting,10,0.18122560627818168,0.17860998946327153,0.18384122309309184,10,0.022218163220574273,0.02146098565899193,0.022975340782156618
CivilComments,uniform20,0.005,margin,10,0.03307042252717707,0.032076715952881904,0.03406412910147223,10,0.0,0.0,0.0
CivilComments,uniform20,0.01,margin,10,0.05643565961346333,0.05545605388181254,0.05741526534511412,10,0.0,0.0,0.0
CivilComments,uniform20,0.02,margin,10,0.09356578308829346,0.0919092171813418,0.0952223489952451,10,0.0,0.0,0.0
CivilComments,uniform20,0.05,margin,10,0.15137246095780468,0.14936205593830965,0.15338286597729972,10,0.0,0.0,0.0
CivilComments,uniform20,0.1,margin,10,0.15900744305760742,0.15626375670021933,0.1617511294149955,10,0.0,0.0,0.0
CivilComments,uniform20,0.005,aum,10,0.028862049618577662,0.027880583196913312,0.02984351604024201,10,-0.004208372908599409,-0.004725891554614443,-0.0036908542625843756
CivilComments,uniform20,0.01,aum,10,0.049282886909437565,0.04778993722373013,0.050775836595145,10,-0.007152772704025761,-0.008127600379756794,-0.0061779450282947275
CivilComments,uniform20,0.02,aum,10,0.08270145927737801,0.08075378228330524,0.08464913627145079,10,-0.010864323810915445,-0.01125780222648786,-0.010470845395343029
CivilComments,uniform20,0.05,aum,10,0.13605135333743495,0.1335291577059694,0.1385735489689005,10,-0.015321107620369718,-0.01710478950456917,-0.013537425736170266
CivilComments,uniform20,0.1,aum,10,0.14770474706871287,0.14451593334862728,0.15089356078879845,10,-0.011302695988894568,-0.012706865707353783,-0.009898526270435354
CivilComments,uniform20,0.005,confident_learning,10,0.03307042252717707,0.032076715952881904,0.03406412910147223,10,0.0,0.0,0.0
CivilComments,uniform20,0.01,confident_learning,10,0.05643565961346333,0.05545605388181254,0.05741526534511412,10,0.0,0.0,0.0
CivilComments,uniform20,0.02,confident_learning,10,0.09356578308829346,0.0919092171813418,0.0952223489952451,10,0.0,0.0,0.0
CivilComments,uniform20,0.05,confident_learning,10,0.15137246095780468,0.14936205593830965,0.15338286597729972,10,0.0,0.0,0.0
CivilComments,uniform20,0.1,confident_learning,10,0.15900744305760742,0.15626375670021933,0.1617511294149955,10,0.0,0.0,0.0
CivilComments,uniform20,0.005,coreset,10,0.0,0.0,0.0,10,-0.03307042252717707,-0.03406412910147223,-0.032076715952881904
CivilComments,uniform20,0.01,coreset,10,0.0,0.0,0.0,10,-0.05643565961346333,-0.05741526534511412,-0.05545605388181254
CivilComments,uniform20,0.02,coreset,10,0.0,0.0,0.0,10,-0.09356578308829346,-0.0952223489952451,-0.0919092171813418
CivilComments,uniform20,0.05,coreset,10,0.0,0.0,0.0,10,-0.15137246095780468,-0.15338286597729972,-0.14936205593830965
CivilComments,uniform20,0.1,coreset,10,0.0,0.0,0.0,10,-0.15900744305760742,-0.1617511294149955,-0.15626375670021933
CivilComments,uniform20,0.005,uncertainty_diversity,10,0.0035560387906612605,0.0026796437212907916,0.004432433860031729,10,-0.02951438373651581,-0.030431652217256883,-0.028597115255774734
CivilComments,uniform20,0.01,uncertainty_diversity,10,0.00719185162047727,0.006112105189123569,0.008271598051830972,10,-0.04924380799298607,-0.05013658009991429,-0.048351035886057846
CivilComments,uniform20,0.02,uncertainty_diversity,10,0.01297105816683512,0.011224108889701859,0.01471800744396838,10,-0.08059472492145833,-0.08276518450191847,-0.0784242653409982
CivilComments,uniform20,0.05,uncertainty_diversity,10,0.018439872302593315,0.016130236370333333,0.020749508234853296,10,-0.13293258865521138,-0.1352860009663734,-0.13057917634404936
CivilComments,uniform20,0.1,uncertainty_diversity,10,6.998648423754e-05,-0.002982761570673882,0.003122734539148962,10,-0.15893745657336986,-0.16192548566943102,-0.1559494274773087
CivilComments,uniform20,0.005,badge_lite,10,0.030988154681776292,0.02994722318591222,0.032029086177640366,10,-0.0020822678454007703,-0.002675761150921889,-0.0014887745398796514
CivilComments,uniform20,0.01,badge_lite,10,0.056063043262181075,0.055046880962527495,0.057079205561834656,10,-0.00037261635128225945,-0.0006827539155701596,-6.247878699435926e-05
CivilComments,uniform20,0.02,badge_lite,10,0.09356578308829346,0.0919092171813418,0.0952223489952451,10,0.0,0.0,0.0
CivilComments,uniform20,0.05,badge_lite,10,0.15137246095780468,0.14936205593830965,0.15338286597729972,10,0.0,0.0,0.0
CivilComments,uniform20,0.1,badge_lite,10,0.15900744305760742,0.15626375670021933,0.1617511294149955,10,0.0,0.0,0.0
CivilComments,uniform20,0.005,tracin_val_uncertainty,10,0.007096870981915131,0.006080658739562441,0.008113083224267821,10,-0.02597355154526194,-0.026577186435801765,-0.025369916654722116
CivilComments,uniform20,0.01,tracin_val_uncertainty,10,0.01198472076638214,0.010978123937421,0.012991317595343282,10,-0.04445093884708119,-0.045242126866229436,-0.04365975082793295
CivilComments,uniform20,0.02,tracin_val_uncertainty,10,0.017873520357234766,0.016019706047379772,0.01972733466708976,10,-0.0756922627310587,-0.07682695627603325,-0.07455756918608414
CivilComments,uniform20,0.05,tracin_val_uncertainty,10,0.02456600227438244,0.02195018634721855,0.02718181820154633,10,-0.12680645868342222,-0.12841949619074208,-0.12519342117610235
CivilComments,uniform20,0.1,tracin_val_uncertainty,10,0.0157401090910698,0.01280797145475455,0.018672246727385048,10,-0.14326733396653762,-0.14515218532101815,-0.1413824826120571
CivilComments,uniform20,0.005,tracin_noise_weighted,10,0.0225714088645775,0.021458395380269567,0.023684422348885435,10,-0.01049901366259957,-0.01122908932913463,-0.00976893799606451
CivilComments,uniform20,0.01,tracin_noise_weighted,10,0.03806786535613884,0.03648422806218426,0.03965150265009342,10,-0.018367794257324495,-0.019393227204311178,-0.01734236131033781
CivilComments,uniform20,0.02,tracin_noise_weighted,10,0.06270438175856449,0.06076205220715026,0.06464671130997872,10,-0.03086140132972895,-0.03176067725022974,-0.029962125409228154
CivilComments,uniform20,0.05,tracin_noise_weighted,10,0.10109117214360139,0.098601125458576,0.10358121882862678,10,-0.05028128881420328,-0.05119250106440989,-0.049370076563996675
CivilComments,uniform20,0.1,tracin_noise_weighted,10,0.11961970286618488,0.11692975663859566,0.1223096490937741,10,-0.0393877401914225,-0.040231376796768976,-0.038544103586076024
CivilComments,uniform20,0.005,noise_score,10,0.03594906649590651,0.03360110019069585,0.038297032801117174,10,0.0028786439687294397,0.0010312420284589617,0.004726045908999918
CivilComments,uniform20,0.01,noise_score,10,0.05235149215529132,0.05048871843122097,0.05421426587936167,10,-0.004084167458172009,-0.005483226599499149,-0.002685108316844868
CivilComments,uniform20,0.02,noise_score,10,0.07359793038134524,0.0719099561920961,0.07528590457059438,10,-0.01996785270694821,-0.021459234873837028,-0.01847647054005939
CivilComments,uniform20,0.05,noise_score,10,0.10722838263530887,0.10586064936083794,0.1085961159097798,10,-0.04414407832249581,-0.0455711361340425,-0.042717020510949125
CivilComments,uniform20,0.1,noise_score,10,0.1327416433936927,0.13104486999114104,0.13443841679624438,10,-0.02626579966391467,-0.02930162177132777,-0.02322997755650157
CivilComments,uniform20,0.005,noise_score_cpba_only,10,0.03307042252717707,0.032076715952881904,0.03406412910147223,10,0.0,0.0,0.0
CivilComments,uniform20,0.01,noise_score_cpba_only,10,0.05643565961346333,0.05545605388181254,0.05741526534511412,10,0.0,0.0,0.0
CivilComments,uniform20,0.02,noise_score_cpba_only,10,0.10197522270252593,0.10019298642847417,0.10375745897657769,10,0.008409439614232486,0.007071142998812955,0.009747736229652016
CivilComments,uniform20,0.05,noise_score_cpba_only,10,0.17034667006133355,0.16763199572506232,0.1730613443976048,10,0.01897420910352888,0.017869592211344622,0.020078825995713135
CivilComments,uniform20,0.1,noise_score_cpba_only,10,0.18133519932267644,0.17846996299838483,0.18420043564696806,10,0.022327756265069033,0.02157550522078971,0.023080007309348356
CivilComments,uniform20,0.005,oracle_noise_group_balanced,10,0.04622158786655018,0.045030422999858204,0.04741275273324216,10,0.01315116533937311,0.012687601147914923,0.013614729530831298
CivilComments,uniform20,0.01,oracle_noise_group_balanced,10,0.07303535275293874,0.07157479432570128,0.07449591118017619,10,0.016599693139475395,0.01575090946288302,0.01744847681606777
CivilComments,uniform20,0.02,oracle_noise_group_balanced,10,0.07548654819653008,0.07084382627676278,0.08012927011629739,10,-0.018079234891763368,-0.02205078790947486,-0.014107681874051876
CivilComments,uniform20,0.05,oracle_noise_group_balanced,10,0.17633235170986777,0.17267870911378,0.17998599430595555,10,0.02495989075206307,0.02160623588269168,0.02831354562143446
CivilComments,uniform20,0.1,oracle_noise_group_balanced,10,0.2492666392830623,0.24448934138832526,0.2540439371777994,10,0.0902591962254549,0.08647606505279866,0.09404232739811115
CivilComments,minority_high_40,0.005,random,10,0.00039037085230968005,-0.00040675999428968485,0.0011875016989090449,10,-0.022316200390370806,-0.024532605559143744,-0.02009979522159787
CivilComments,minority_high_40,0.01,random,10,0.00091086532205593,5.547478054324106e-05,0.001766255863568619,10,-0.0364346128822381,-0.038672093693166945,-0.034197132071309255
CivilComments,minority_high_40,0.02,random,10,0.00273259596616782,0.0011233079116680586,0.004341884020667581,10,-0.05549772283669485,-0.05838393632237771,-0.05261150935101199
CivilComments,minority_high_40,0.05,random,10,0.005855562784645369,0.0037397164471778795,0.00797140912211286,10,-0.07722836694860119,-0.07933337880429649,-0.0751233550929059
CivilComments,minority_high_40,0.1,random,10,0.01119063109954454,0.009099960682507329,0.013281301516581752,10,-0.053155497722836696,-0.05511851136546962,-0.05119248408020377
CivilComments,minority_high_40,0.005,loss,10,0.02270657124268049,0.020485826558898662,0.024927315926462315,10,0.0,0.0,0.0
CivilComments,minority_high_40,0.01,loss,10,0.03734547820429403,0.035000840731674566,0.03969011567691349,10,0.0,0.0,0.0
CivilComments,minority_high_40,0.02,loss,10,0.05823031880286267,0.055284674612569064,0.06117596299315627,10,0.0,0.0,0.0
CivilComments,minority_high_40,0.05,loss,10,0.08308392973324655,0.08131436562820699,0.08485349383828611,10,0.0,0.0,0.0
CivilComments,minority_high_40,0.1,loss,10,0.06434612882238122,0.061764527767820376,0.06692772987694207,10,0.0,0.0,0.0
CivilComments,minority_high_40,0.005,entropy,10,0.0022771633051398505,0.0008342650585420725,0.0037200615517376284,10,-0.02042940793754064,-0.022187372692671715,-0.018671443182409563
CivilComments,minority_high_40,0.01,entropy,10,0.00494469746258941,0.002849427105080305,0.0070399678200985145,10,-0.03240078074170462,-0.03412557336981738,-0.030675988113591863
CivilComments,minority_high_40,0.02,entropy,10,0.00956408588158745,0.007081339022364361,0.01204683274081054,10,-0.048666232921275226,-0.05158355097811565,-0.0457489148644348
CivilComments,minority_high_40,0.05,entropy,10,0.018737800910865278,0.01599921495644988,0.021476386865280677,10,-0.06434612882238128,-0.06679372688201968,-0.06189853076274287
CivilComments,minority_high_40,0.1,entropy,10,0.025178919973975228,0.022044833686150803,0.028313006261799653,10,-0.039167208848406,-0.0433231450014885,-0.0350112726953235
CivilComments,minority_high_40,0.005,stratified_random,10,0.0011060507482107801,-0.0001360495518229266,0.002348151048244487,10,-0.02160052049446971,-0.023535749872415683,-0.019665291116523737
CivilComments,minority_high_40,0.01,stratified_random,10,0.0016916070266753103,0.00046608831454462594,0.0029171257388059947,10,-0.035653871177618715,-0.037756022572887175,-0.033551719782350255
CivilComments,minority_high_40,0.02,stratified_random,10,0.00318802862719577,0.0015990597310820242,0.004776997523309515,10,-0.055042290175666905,-0.058146668813994384,-0.051937911537339426
CivilComments,minority_high_40,0.05,stratified_random,10,0.007351984385165851,0.005463970511955272,0.00923999825837643,10,-0.0757319453480807,-0.07783867161577922,-0.07362521908038218
CivilComments,minority_high_40,0.1,stratified_random,10,0.01385816525699409,0.011907451319685914,0.015808879194302263,10,-0.05048796356538714,-0.052716822067515774,-0.0482591050632585
CivilComments,minority_high_40,0.005,forgetting,10,0.014834092387768342,0.013301408610016779,0.016366776165519906,10,-0.00787247885491215,-0.009828121957216406,-0.005916835752607896
CivilComments,minority_high_40,0.01,forgetting,10,0.03135979180221206,0.028534684726494924,0.03418489887792919,10,-0.005985686402081971,-0.007751846841525642,-0.004219525962638299
CivilComments,minority_high_40,0.02,forgetting,10,0.06005204944697455,0.057549988824429354,0.06255411006951975,10,0.0018217306441118796,0.0005461703267358956,0.0030972909614878637
CivilComments,minority_high_40,0.05,forgetting,10,0.09583604424202989,0.09368578246809722,0.09798630601596256,10,0.012752114508783339,0.01076291401424657,0.014741315003320108
CivilComments,minority_high_40,0.1,forgetting,10,0.08191281717631746,0.0784754639107877,0.08535017044184721,10,0.017566688353936245,0.015297165613988816,0.019836211093883675
CivilComments,minority_high_40,0.005,margin,10,0.02270657124268049,0.020485826558898662,0.024927315926462315,10,0.0,0.0,0.0
CivilComments,minority_high_40,0.01,margin,10,0.03734547820429403,0.035000840731674566,0.03969011567691349,10,0.0,0.0,0.0
CivilComments,minority_high_40,0.02,margin,10,0.05823031880286267,0.055284674612569064,0.06117596299315627,10,0.0,0.0,0.0
CivilComments,minority_high_40,0.05,margin,10,0.08308392973324655,0.08131436562820699,0.08485349383828611,10,0.0,0.0,0.0
CivilComments,minority_high_40,0.1,margin,10,0.06434612882238122,0.061764527767820376,0.06692772987694207,10,0.0,0.0,0.0
CivilComments,minority_high_40,0.005,aum,10,0.019648666232921226,0.017713436854975232,0.02158389561086722,10,-0.00305790500975926,-0.0043000053097929595,-0.0018158047097255605
CivilComments,minority_high_40,0.01,aum,10,0.03227065712426801,0.03022185086518977,0.034319463383346245,10,-0.00507482108002602,-0.006369113094688432,-0.0037805290653636085
CivilComments,minority_high_40,0.02,aum,10,0.05029277813923223,0.047465541959983024,0.05312001431848144,10,-0.00793754066363044,-0.009946007472166903,-0.005929073855093978
CivilComments,minority_high_40,0.05,aum,10,0.07605725439167205,0.07393629524851202,0.07817821353483208,10,-0.007026675341574501,-0.008605767691770171,-0.005447582991378831
CivilComments,minority_high_40,0.1,aum,10,0.0662979830839297,0.06434233998162545,0.06825362618623396,10,0.001951854261548472,0.0003395777401209081,0.003564130782976036
CivilComments,minority_high_40,0.005,confident_learning,10,0.02270657124268049,0.020485826558898662,0.024927315926462315,10,0.0,0.0,0.0
CivilComments,minority_high_40,0.01,confident_learning,10,0.03734547820429403,0.035000840731674566,0.03969011567691349,10,0.0,0.0,0.0
CivilComments,minority_high_40,0.02,confident_learning,10,0.05823031880286267,0.055284674612569064,0.06117596299315627,10,0.0,0.0,0.0
CivilComments,minority_high_40,0.05,confident_learning,10,0.08308392973324655,0.08131436562820699,0.08485349383828611,10,0.0,0.0,0.0
CivilComments,minority_high_40,0.1,confident_learning,10,0.06434612882238122,0.061764527767820376,0.06692772987694207,10,0.0,0.0,0.0
CivilComments,minority_high_40,0.005,coreset,10,0.0,0.0,0.0,10,-0.02270657124268049,-0.024927315926462315,-0.020485826558898662
CivilComments,minority_high_40,0.01,coreset,10,0.0,0.0,0.0,10,-0.03734547820429403,-0.03969011567691349,-0.035000840731674566
CivilComments,minority_high_40,0.02,coreset,10,0.0,0.0,0.0,10,-0.05823031880286267,-0.06117596299315627,-0.055284674612569064
CivilComments,minority_high_40,0.05,coreset,10,0.0,0.0,0.0,10,-0.08308392973324655,-0.08485349383828611,-0.08131436562820699
CivilComments,minority_high_40,0.1,coreset,10,0.0,0.0,0.0,10,-0.06434612882238122,-0.06692772987694207,-0.061764527767820376
CivilComments,minority_high_40,0.005,uncertainty_diversity,10,0.00240728692257641,0.0006107256200449419,0.004203848225107878,10,-0.02029928432010408,-0.02134691949885863,-0.01925164914134953
CivilComments,minority_high_40,0.01,uncertainty_diversity,10,0.00474951203643455,0.0026104729997450797,0.00688855107312402,10,-0.03259596616785947,-0.03434363227107174,-0.030848300064647206
CivilComments,minority_high_40,0.02,uncertainty_diversity,10,0.00956408588158745,0.007081339022364361,0.01204683274081054,10,-0.048666232921275226,-0.05158355097811565,-0.0457489148644348
CivilComments,minority_high_40,0.05,uncertainty_diversity,10,0.018737800910865278,0.01599921495644988,0.021476386865280677,10,-0.06434612882238128,-0.06679372688201968,-0.06189853076274287
CivilComments,minority_high_40,0.1,uncertainty_diversity,10,0.025178919973975228,0.022044833686150803,0.028313006261799653,10,-0.039167208848406,-0.0433231450014885,-0.0350112726953235
CivilComments,minority_high_40,0.005,badge_lite,10,0.02114508783344173,0.018981435612870804,0.023308740054012653,10,-0.0015614834092387603,-0.0021897581157385862,-0.0009332087027389346
CivilComments,minority_high_40,0.01,badge_lite,10,0.03806115810019515,0.035625389017051146,0.04049692718333915,10,0.0007156798959011199,-8.896413134875877e-05,0.0015203239231509984
CivilComments,minority_high_40,0.02,badge_lite,10,0.05823031880286267,0.055284674612569064,0.06117596299315627,10,0.0,0.0,0.0
CivilComments,minority_high_40,0.05,badge_lite,10,0.08308392973324655,0.08131436562820699,0.08485349383828611,10,0.0,0.0,0.0
CivilComments,minority_high_40,0.1,badge_lite,10,0.06434612882238122,0.061764527767820376,0.06692772987694207,10,0.0,0.0,0.0
CivilComments,minority_high_40,0.005,tracin_val_uncertainty,10,0.008197787898503539,0.0066745554983064885,0.009721020298700589,10,-0.014508783344176948,-0.016396797217387522,-0.012620769470966372
CivilComments,minority_high_40,0.01,tracin_val_uncertainty,10,0.01437865972674036,0.012820280196296044,0.01593703925718468,10,-0.02296681847755367,-0.025194056580702485,-0.020739580374404855
CivilComments,minority_high_40,0.02,tracin_val_uncertainty,10,0.02251138581652564,0.020686247860080713,0.02433652377297057,10,-0.03571893298633703,-0.03812687515294474,-0.03331099081972932
CivilComments,minority_high_40,0.05,tracin_val_uncertainty,10,0.0344827586206896,0.03268686730188551,0.03627864993949369,10,-0.04860117111255695,-0.05050189047148139,-0.04670045175363251
CivilComments,minority_high_40,0.1,tracin_val_uncertainty,10,0.031164606376057214,0.029021071193499365,0.03330814155861506,10,-0.03318152244632402,-0.03640607548917916,-0.02995696940346888
CivilComments,minority_high_40,0.005,tracin_noise_weighted,10,0.00884840598568636,0.007023268029241445,0.010673543942131276,10,-0.013858165256994131,-0.01592859077479334,-0.011787739739194922
CivilComments,minority_high_40,0.01,tracin_noise_weighted,10,0.02081977878985031,0.0190783211115998,0.02256123646810082,10,-0.016525699414443717,-0.018890778751362563,-0.01416062007752487
CivilComments,minority_high_40,0.02,tracin_noise_weighted,10,0.0378659726740403,0.0351361896545007,0.0405957556935799,10,-0.020364346128822368,-0.022686807932966645,-0.01804188432467809
CivilComments,minority_high_40,0.05,tracin_noise_weighted,10,0.06720884840598564,0.06443316142119641,0.06998453539077486,10,-0.01587508132726092,-0.018071304707212854,-0.013678857947308984
CivilComments,minority_high_40,0.1,tracin_noise_weighted,10,0.07417046193884186,0.07218368287002862,0.0761572410076551,10,0.009824333116460632,0.007308841090389444,0.01233982514253182
CivilComments,minority_high_40,0.005,noise_score,10,0.01626545217957055,0.01472963086777229,0.017801273491368806,10,-0.00644111906310994,-0.008384415810299032,-0.004497822315920849
CivilComments,minority_high_40,0.01,noise_score,10,0.02498373454782037,0.02288846419031126,0.02707900490532948,10,-0.012361743656473658,-0.014130627552337582,-0.010592859760609735
CivilComments,minority_high_40,0.02,noise_score,10,0.03767078724788545,0.035145745103844654,0.04019582939192625,10,-0.020559531554977223,-0.022820554179891636,-0.01829850893006281
CivilComments,minority_high_40,0.05,noise_score,10,0.059466493168510035,0.0566895057915273,0.062243480545492766,10,-0.023617436564736506,-0.02641901671268729,-0.02081585641678572
CivilComments,minority_high_40,0.1,noise_score,10,0.08713409506401576,0.0827967727681643,0.09147141735986722,10,0.02278796624163452,0.017508613151542892,0.02806731933172615
CivilComments,minority_high_40,0.005,noise_score_cpba_only,10,0.021275211450878306,0.01881192978304716,0.02373849311870945,10,-0.00143135979180218,-0.0022464059280257677,-0.000616313655578592
CivilComments,minority_high_40,0.01,noise_score_cpba_only,10,0.03662979830839294,0.0340990433920182,0.039160553224767684,10,-0.0007156798959010897,-0.0015203239231509603,8.896413134878078e-05
CivilComments,minority_high_40,0.02,noise_score_cpba_only,10,0.06421600520494467,0.06139729508907587,0.06703471532081345,10,0.0059856864020819914,0.004787978867060987,0.007183393937102996
CivilComments,minority_high_40,0.05,noise_score_cpba_only,10,0.09648666232921273,0.09461144002519621,0.09836188463322924,10,0.01340273259596617,0.011307462238457043,0.015498002953475296
CivilComments,minority_high_40,0.1,noise_score_cpba_only,10,0.12094990240728684,0.11799446928658255,0.12390533552799113,10,0.056603773584905634,0.05375998510466191,0.05944756206514936
CivilComments,minority_high_40,0.005,oracle_noise_group_balanced,10,0.03057905009759267,0.02845185865822263,0.032706241536962714,10,0.00787247885491218,0.006494425116697438,0.009250532593126921
CivilComments,minority_high_40,0.01,oracle_noise_group_balanced,10,0.044697462589459946,0.04201885780673666,0.04737606737218323,10,0.007351984385165921,0.005623706619880271,0.00908026215045157
CivilComments,minority_high_40,0.02,oracle_noise_group_balanced,10,0.11939118556286685,0.11703236593418244,0.12175000519155126,10,0.06116086676000417,0.05911489357268973,0.06320683994731861
CivilComments,minority_high_40,0.05,oracle_noise_group_balanced,10,0.17122042918927427,0.16917009602437955,0.173270762354169,10,0.08813649945602776,0.0853562463988261,0.09091675251322943
CivilComments,minority_high_40,0.1,oracle_noise_group_balanced,10,0.0921819254996418,0.08914882666316142,0.09521502433612218,10,0.02783579667726057,0.023853132072188393,0.03181846128233275
