dataset,budget,method,method_label,n_seeds,dWGA_mean,noise_precision,minority_query_rate,group_query_entropy
Waterbirds,1.0%,random,Random,10,-0.0042,0.1854,0.0542,0.7367
Waterbirds,1.0%,loss,Loss,10,-0.0045,0.9979,0.0042,0.6022
Waterbirds,1.0%,entropy,Entropy,10,0.009,0.2625,0.3875,1.2659
Waterbirds,1.0%,noise_score,NoiseScore,10,0.0136,0.4437,0.4333,1.1549
Waterbirds,1.0%,noise_score_budget_hybrid_v8,NGC,10,0.0136,0.4437,0.4333,1.1549
Waterbirds,1.0%,noise_score_cpba_tc_v8_fallback,CPBA-TC-Safe,10,0.0136,0.4437,0.4333,1.1549
Waterbirds,1.0%,oracle_noise_group_balanced,Oracle-GB,10,0.0277,1.0,0.4917,1.3816
Waterbirds,5.0%,random,Random,10,-0.0006,0.1962,0.0529,0.7302
Waterbirds,5.0%,loss,Loss,10,-0.0111,0.9933,0.0046,0.5254
Waterbirds,5.0%,entropy,Entropy,10,0.0109,0.2825,0.3583,1.2563
Waterbirds,5.0%,noise_score,NoiseScore,10,-0.0497,0.6525,0.2562,0.9833
Waterbirds,5.0%,noise_score_budget_hybrid_v8,NGC,10,0.0318,0.32,0.3404,1.1944
Waterbirds,5.0%,noise_score_cpba_tc_v8_fallback,CPBA-TC-Safe,10,0.0482,0.4271,0.3212,1.1873
Waterbirds,5.0%,oracle_noise_group_balanced,Oracle-GB,10,0.088,1.0,0.2008,1.1658
CelebA,1.0%,random,Random,10,0.0,0.201,0.0126,0.8947
CelebA,1.0%,loss,Loss,10,0.0335,0.9864,0.0352,1.074
CelebA,1.0%,entropy,Entropy,10,0.0165,0.2279,0.133,1.1651
CelebA,1.0%,noise_score,NoiseScore,10,0.0685,0.6564,0.133,1.1848
CelebA,1.0%,noise_score_budget_hybrid_v8,NGC,10,0.0685,0.6564,0.133,1.1848
CelebA,1.0%,noise_score_cpba_tc_v8_fallback,CPBA-TC-Safe,10,0.0597,0.7972,0.0972,1.2822
CelebA,1.0%,oracle_noise_group_balanced,Oracle-GB,10,0.055,1.0,0.25,1.3863
CelebA,5.0%,random,Random,10,-0.0037,0.1996,0.0131,0.8998
CelebA,5.0%,loss,Loss,10,0.0585,0.9918,0.0147,0.8553
CelebA,5.0%,entropy,Entropy,10,0.0254,0.2322,0.0833,1.2348
CelebA,5.0%,noise_score,NoiseScore,10,0.0855,0.179,0.0363,1.061
CelebA,5.0%,noise_score_budget_hybrid_v8,NGC,10,0.0835,0.1704,0.0359,1.1179
CelebA,5.0%,noise_score_cpba_tc_v8_fallback,CPBA-TC-Safe,10,0.0816,0.8854,0.0251,1.0298
CelebA,5.0%,oracle_noise_group_balanced,Oracle-GB,10,0.1274,1.0,0.0541,1.2179
CivilComments,1.0%,random,Random,10,-0.0,0.1986,0.0107,0.5026
CivilComments,1.0%,loss,Loss,10,0.0614,0.9837,0.0003,0.097
CivilComments,1.0%,entropy,Entropy,10,0.0076,0.1966,0.0783,1.0058
CivilComments,1.0%,noise_score,NoiseScore,10,0.0549,0.3541,0.0439,0.9953
CivilComments,1.0%,noise_score_budget_hybrid_v8,NGC,10,0.0549,0.3541,0.0439,0.9953
CivilComments,1.0%,noise_score_cpba_tc_v8_fallback,CPBA-TC-Safe,10,0.0614,0.9837,0.0003,0.097
CivilComments,1.0%,oracle_noise_group_balanced,Oracle-GB,10,0.0776,1.0,0.2314,1.3852
CivilComments,5.0%,random,Random,10,0.0019,0.1994,0.0115,0.5052
CivilComments,5.0%,loss,Loss,10,0.1689,0.9615,0.0008,0.1917
CivilComments,5.0%,entropy,Entropy,10,0.02,0.2,0.0726,1.0477
CivilComments,5.0%,noise_score,NoiseScore,10,0.112,0.1902,0.0243,0.8224
CivilComments,5.0%,noise_score_budget_hybrid_v8,NGC,10,0.101,0.1715,0.0182,0.7105
CivilComments,5.0%,noise_score_cpba_tc_v8_fallback,CPBA-TC-Safe,10,0.1802,0.8824,0.0082,0.41
CivilComments,5.0%,oracle_noise_group_balanced,Oracle-GB,10,0.1806,1.0,0.0463,1.0995
Waterbirds,1.0%,forgetting,Forgetting,10,-0.0187,0.3292,0.3396,1.2464
Waterbirds,1.0%,margin,Margin,10,-0.0005,0.9979,0.0,0.6009
Waterbirds,1.0%,aum,AUM,10,0.0026,1.0,0.0,0.5344
Waterbirds,1.0%,confident_learning,Cleanlab,10,-0.0005,0.9979,0.0,0.6009
Waterbirds,1.0%,coreset,Coreset,10,-0.021,0.0687,0.0396,0.7592
Waterbirds,1.0%,uncertainty_diversity,Unc+Div,10,-0.0008,0.3667,0.1625,1.0772
Waterbirds,1.0%,badge_lite,BADGE,10,0.0044,0.9646,0.0104,0.6935
Waterbirds,1.0%,tracin_val_uncertainty,TracIn(val),10,-0.0279,0.9958,0.0062,0.0506
Waterbirds,1.0%,tracin_noise_weighted,TracIn(noise),10,-0.0179,0.9917,0.0104,0.0708
Waterbirds,5.0%,forgetting,Forgetting,10,0.0271,0.5925,0.2017,1.14
Waterbirds,5.0%,margin,Margin,10,0.0284,0.9929,0.005,0.5518
Waterbirds,5.0%,aum,AUM,10,0.0072,0.9938,0.0033,0.4818
Waterbirds,5.0%,confident_learning,Cleanlab,10,0.0284,0.9929,0.005,0.5518
Waterbirds,5.0%,coreset,Coreset,10,-0.012,0.0712,0.06,0.8637
Waterbirds,5.0%,uncertainty_diversity,Unc+Div,10,-0.0184,0.3483,0.1667,1.0981
Waterbirds,5.0%,badge_lite,BADGE,10,0.014,0.8233,0.035,0.7679
Waterbirds,5.0%,tracin_val_uncertainty,TracIn(val),10,-0.0555,0.9758,0.0217,0.1919
Waterbirds,5.0%,tracin_noise_weighted,TracIn(noise),10,-0.0562,0.9792,0.0171,0.1616
